Constituency,Sl_No,Candidate_Name,Party,Symbol
Gummidipoondi,1,T.J.GOVINDARAJAN,Dravida Munnetra Kazhagam,Rising sun
Gummidipoondi,2,SUDHAKAR.V,All India Anna Dravida Munnetra Kazhagam,Two leaves
Gummidipoondi,3,M.JAGADEESAN,Bahujan Samaj Party,Elephant
Gummidipoondi,4,R.SRIDAR. B.L.,Naam Tamilar Katchi,Farmer Carrying Plough
Gummidipoondi,5,SDK SANKAR,Aanaithinthiya Jananayaka Pathukappu Kazhagam,Gas cylinder
Gummidipoondi,6,K. CHANDRA SEKAR,Veerath Thiyagi Viswanathadoss Thozhilalarkal Katchi,Pestle and mortar
Gummidipoondi,7,S.VIJAYAKUMAR,Tamilaga Vettri Kazhagam,Whistle
Gummidipoondi,8,M.KUMARAN,Independent,Diamond
Gummidipoondi,9,GOPAL.K,Independent,Letter box
Gummidipoondi,10,T.GOVINDAN,Independent,Ship
Gummidipoondi,11,A.H. SIVA GANESH,Independent,Batsman
Gummidipoondi,12,D.SUDHAKAR,Independent,Peas
Gummidipoondi,13,V.SUDHAKAR,Independent,Water melon
Gummidipoondi,14,D.DINESH,Independent,Road roller
Gummidipoondi,15,G.RANJITH B.SC.L.L.B,Independent,Crane
Ponneri,1,DURAI CHANDRASEKAR,Indian National Congress,Hand
Ponneri,2,SANTHOSHKUMAR.J,Bahujan Samaj Party,Elephant
Ponneri,3,BALARAMAN.P,All India Anna Dravida Munnetra Kazhagam,Two leaves
Ponneri,4,RAJATHI.M,Naam Tamilar Katchi,Farmer Carrying Plough
Ponneri,5,ASHOK PRIYADARSHAN,Desiya Makkal Sakthi Katchi,Football player
Ponneri,6,RAJA.S,Vanchit Bahujan Aaghadi,Gas cylinder
Ponneri,7,KOTTEESWARAN. K,Tamizhaga Vaazhvurimai Katchi,Camera
Ponneri,8,MALATHI.S,Tamizhaga Murpokku Makkal Katchi,Matchbox
Ponneri,9,DR.RAVI.M.S,Tamilaga Vettri Kazhagam,Whistle
Ponneri,10,NAGAIYAN.G,Independent,Batsman
Ponneri,11,BARATHIRAJA.K,Independent,Brush
Ponneri,12,RAJASEKAR.J,Independent,Pen drive
Ponneri,13,VENKATESAN.S,Independent,Water melon
Tiruttani,1,G.HARI,All India Anna Dravida Munnetra Kazhagam,Two leaves
Tiruttani,2,D.KRISHNAMURTHY,Desiya Murpokku Dravida Kazhagam,Nagara
Tiruttani,3,CHANDRAN .S.S,Naam Tamilar Katchi,Farmer Carrying Plough
Tiruttani,4,MUTHURAJ.G,Bahujan Samaj Party,Elephant
Tiruttani,5,M.SATHYA KUMAR,Tamilaga Vettri Kazhagam,Whistle
Tiruttani,6,BALAJI.A,Thakkam Katchi,Matchbox
Tiruttani,7,PAVENDHAN.Y.R,Tamizhaga Vaazhvurimai Katchi,Camera
Tiruttani,8,KRISHNAMOORTHY.K,Independent,Diamond
Tiruttani,9,KRISHNAMOORTHY.D,Independent,Pestle and mortar
Tiruttani,10,KRISHNAMOORTHY.M,Independent,Noodles bowl
Tiruttani,11,SHETTU.S,Independent,Gas cylinder
Tiruttani,12,DR.A.V.NARENDRAN,Independent,Bangles
Tiruttani,13,JAMBU.B,Independent,Bucket
Thiruvallur,1,V.G. RAAJENDRAN,Dravida Munnetra Kazhagam,Rising sun
Thiruvallur,2,K. SENTHILKUMAR,Naam Tamilar Katchi,Farmer Carrying Plough
Thiruvallur,3,BE  VEE RAMANAH,All India Anna Dravida Munnetra Kazhagam,Two leaves
Thiruvallur,4,B. RAJESH KUMAR,Bahujan Samaj Party,Elephant
Thiruvallur,5,DR. T. ARUNKUMAR,Tamilaga Vettri Kazhagam,Whistle
Thiruvallur,6,E. MANI,Republican Party of India (Athawale),Ganna kisan
Thiruvallur,7,E. RAJARATHINAM,Tamizhaga Vaazhvurimai Katchi,Camera
Thiruvallur,8,N. VENKATESAN,Aanaithinthiya Jananayaka Pathukappu Kazhagam,Gas cylinder
Thiruvallur,9,E.KOTHANDAN,Independent,Rubber stamp
Thiruvallur,10,N. NAGENDRABABU,Independent,Cot
Thiruvallur,11,N. BALAKRISHNAN,Independent,Diamond
Thiruvallur,12,R. RAMANAN,Independent,Can
Thiruvallur,13,G. RAJENDIRAN,Independent,Water tank
Thiruvallur,14,S. RAJENDRAN,Independent,Plate stand
Poonamallee,1,KRISHNASWAMY.A,Dravida Munnetra Kazhagam,Rising sun
Poonamallee,2,MEKALA.J,Naam Tamilar Katchi,Farmer Carrying Plough
Poonamallee,3,RAJASEKARAN.K,Bahujan Samaj Party,Elephant
Poonamallee,4,ELUMALAI.T.A,Amma Makkal Munnettra Kazagam,Pressure cooker
Poonamallee,5,PRAKASAM.R,Tamilaga Vettri Kazhagam,Whistle
Poonamallee,6,SIVAKUMAR.S,Independent,Belt
Poonamallee,7,DHASARATHAN.R,Independent,Box
Poonamallee,8,PURUSHOTHAMAN.B,Independent,Saw
Poonamallee,9,RAVIKUMAR.M,Independent,Diamond
Poonamallee,10,VELU.S,Independent,Batsman
Poonamallee,11,DR.JAYANTHI.R,Independent,Swing
Avadi,1,S. CHARLES,Bahujan Samaj Party,Elephant
Avadi,2,S.M.NASAR,Dravida Munnetra Kazhagam,Rising sun
Avadi,3,PUNITHA SHANMUGAM,Naam Tamilar Katchi,Farmer Carrying Plough
Avadi,4,RAJASIMHA MAHENDRA,Bharatiya Janata Party,Lotus
Avadi,5,R.Edmund Jayendren,Tamizhaga Vaazhvurimai Katchi,Camera
Avadi,6,C.S. Karnan,Anti Corruption Dynamic Party,Truck
Avadi,7,SENTHILKUMAR. S,Anna Puratchi Thalaivar Amma Dravida Munnetra Kazhagam,Jackfruit
Avadi,8,R. BAKTHAVATCHALAM,All India Puratchi Thalaivar Makkal Munnettra Kazhagam,Coconut farm
Avadi,9,R.RAMESH KUMAR,Tamilaga Vettri Kazhagam,Whistle
Avadi,10,P.JAYAKUMAR,Samaniya Makkal Nala Katchi,Walking stick
Avadi,11,K. ANNAMALAI,Independent,Refrigerator
Avadi,12,G.D. ARUNKUMAR,Independent,Gramophone
Avadi,13,M. ERAJASIMMAN,Independent,Cauliflower
Avadi,14,R. KUMAR,Independent,Pen nib with seven rays
Avadi,15,S. SENTHILKUMAR,Independent,Fountain
Avadi,16,P. CHELLAPANDIAN,Independent,Gas cylinder
Avadi,17,K. BALAKRISHNAN,Independent,Lady finger
Avadi,18,R. MANIKANDAN,Independent,Envelope
Avadi,19,UNIESH RAJ. M,Independent,Scissors
Avadi,20,RAJASEKAR. R,Independent,Brush
Maduravoyal,1,GANAPATHY. K,Dravida Munnetra Kazhagam,Rising sun
Maduravoyal,2,P. BENJAMIN,All India Anna Dravida Munnetra Kazhagam,Two leaves
Maduravoyal,3,REVATHI L,Naam Tamilar Katchi,Farmer Carrying Plough
Maduravoyal,4,AGNI SELVARAJU. J,Naadaalum Makkal Katchi,Pen nib with seven rays
Maduravoyal,5,MUTHURAMAN. S,Anna MGR Dravida Makkal Kalgam,Pan
Maduravoyal,6,MURALI. S,Naam Indiar Party,Spanner
Maduravoyal,7,RHEVANTH CHARAN,Tamilaga Vettri Kazhagam,Whistle
Maduravoyal,8,K. VENKATESAN,Veerath Thiyagi Viswanathadoss Thozhilalarkal Katchi,Pestle and mortar
Maduravoyal,9,J. VENKATESAN,All India Puratchi Thalaivar Makkal Munnettra Kazhagam,Coconut farm
Maduravoyal,10,D. ANANDAN,Independent,Bead necklace
Maduravoyal,11,K. GANAPATHY,Independent,Diamond
Maduravoyal,12,V. KAMALA KANNAN,Independent,CCTV Camera
Maduravoyal,13,SARAVANAN KUMAR,Independent,Gas cylinder
Maduravoyal,14,R. SIVA,Independent,Sitar
Maduravoyal,15,M. BALASUBRAMANIAN,Independent,Bangles
Maduravoyal,16,S. BENJAMIN MOSES,Independent,Electric pole
Maduravoyal,17,PONMUTHU RAMESH,Independent,Stethoscope
Maduravoyal,18,N.A. MANI,Independent,Bucket
Maduravoyal,19,R. YUVARAJ,Independent,Football player
Maduravoyal,20,VIGNESH NANDAGOPAL,Independent,Mixee
Maduravoyal,21,M. JAMES,Independent,Cake
Ambattur,1,SILAMBARASAN,Naam Tamilar Katchi,Farmer Carrying Plough
Ambattur,2,DR. J.SAILAS,Bahujan Samaj Party,Elephant
Ambattur,3,DR A.P. POORNIMA,Dravida Munnetra Kazhagam,Rising sun
Ambattur,4,A.KALYANASUNDARAM,Nationalist Janshakti Party,Sitar
Ambattur,5,K.N. SEKAR,Pattali Makkal Katchi,Mango
Ambattur,6,BALAMURUGAN.G,Tamilaga Vettri Kazhagam,Whistle
Ambattur,7,V. RAMKUMAR,India Suyarajya Party,Diamond
Ambattur,8,RAJKUMAR,Tamizhaga Vaazhvurimai Katchi,Camera
Ambattur,9,D. JEYAGANESH,Naam Indiar Party,Spanner
Ambattur,10,M.S. ARUMUGAM,Independent,Gas cylinder
Ambattur,11,P. ARUMUGAM,Independent,Water tank
Ambattur,12,G. SAMPATH,Independent,Bangles
Ambattur,13,K. SEKAR,Independent,Air conditioner
Ambattur,14,G.P. SEKAR,Independent,Dish antenna
Ambattur,15,PALANI,Independent,Batsman
Ambattur,16,R.BALAMURUGAN,Independent,CCTV Camera
Ambattur,17,DR. S.PRAVEEN,Independent,Television
Ambattur,18,D. PUSHPA,Independent,Carrom board
Ambattur,19,S. MADHAVAN,Independent,Football player
Ambattur,20,D.K.MESHACK KIRUBAKARAN,Independent,Telephone
Ambattur,21,VINAYAGAMOORTHY.R,Independent,Ship
Ambattur,22,S. JANARTHANAN,Independent,Matchbox
Ambattur,23,JOTHI.M,Independent,Balloon
Madavaram,1,E.KRITHIKA,Naam Tamilar Katchi,Farmer Carrying Plough
Madavaram,2,S.SUDHARSANAM,Dravida Munnetra Kazhagam,Rising sun
Madavaram,3,MADHAVARAM V.MOORTHY,All India Anna Dravida Munnetra Kazhagam,Two leaves
Madavaram,4,N.JANAKIRAMAN,Bahujan Samaj Party,Elephant
Madavaram,5,R.KARTHIKEYAN,Tamizhaga Vaazhvurimai Katchi,Camera
Madavaram,6,I.RAFFIK,Naadaalum Makkal Katchi,Pen nib with seven rays
Madavaram,7,M.L.VIJAYPRABHU,Tamilaga Vettri Kazhagam,Whistle
Madavaram,8,S.SIVAKUMAR,Independent,Chain
Madavaram,9,SUDARSANAM,Independent,Diamond
Madavaram,10,A.NAGARAJAN,Independent,Peas
Madavaram,11,R.S.BALAJI,Independent,Ship
Madavaram,12,G.PRABU,Independent,Tooth brush
Madavaram,13,A.PONNALAGAN,Independent,Saw
Madavaram,14,C.MOORTHY,Independent,Electric pole
Madavaram,15,V.MURTHY,Independent,Wallet
Thiruvottiyur,1,KUPPAN. K,All India Anna Dravida Munnetra Kazhagam,Two leaves
Thiruvottiyur,2,SATHYA. B,Naam Tamilar Katchi,Farmer Carrying Plough
Thiruvottiyur,3,SUNDARARAJ. L,Communist Party of India (Marxist),Hammer Sickle and Star
Thiruvottiyur,4,MAHENDRA KUMAR. D,Bahujan Samaj Party,Elephant
Thiruvottiyur,5,SASIREKHA. M,Veerath Thiyagi Viswanathadoss Thozhilalarkal Katchi,Pestle and mortar
Thiruvottiyur,6,SENTHIL KUMAR. N,Tamilaga Vettri Kazhagam,Whistle
Thiruvottiyur,7,DILLI KUMAR. R,Democratic National Allegiance,Ship
Thiruvottiyur,8,VENKATARAMANAN. J,Tamizhaga Vaazhvurimai Katchi,Camera
Thiruvottiyur,9,ARAVIND. R,Independent,Matchbox
Thiruvottiyur,10,GOPI. K,Independent,Gramophone
Thiruvottiyur,11,THANIKASALAM. B,Independent,Door bell
Thiruvottiyur,12,BALARUBAN,Independent,Boat with man and sail
Thiruvottiyur,13,MICHAELRAJ. M. A,Independent,Gas cylinder
Thiruvottiyur,14,VIJAY. A,Independent,Electric pole
Thiruvottiyur,15,JANAGARAJ,Independent,Wool and Needle
Dr.Radhakrishnan Nagar,1,R.S.RAAJESH,All India Anna Dravida Munnetra Kazhagam,Two leaves
Dr.Radhakrishnan Nagar,2,VENNILA.T,Naam Tamilar Katchi,Farmer Carrying Plough
Dr.Radhakrishnan Nagar,3,J. JOHN EBENEZER,Dravida Munnetra Kazhagam,Rising sun
Dr.Radhakrishnan Nagar,4,E. RAAMADASAN,Makkal Nalvaazhvuk Katchi,Diamond
Dr.Radhakrishnan Nagar,5,D.KARTHIKEYAN,Samata Party,Calculator
Dr.Radhakrishnan Nagar,6,CHANDRASEKAR,Tamizhaga Murpokku Makkal Katchi,Matchbox
Dr.Radhakrishnan Nagar,7,B.NAVIN,Tamizhaga Vaazhvurimai Katchi,Camera
Dr.Radhakrishnan Nagar,8,N. MARIE WILSON,Tamilaga Vettri Kazhagam,Whistle
Dr.Radhakrishnan Nagar,9,A.MOHANRAJ,Socialist Unity Centre Of India (COMMUNIST),Scissors
Dr.Radhakrishnan Nagar,10,AMUDHA.N,Independent,Triangle
Dr.Radhakrishnan Nagar,11,D. AJITH KUMAR,Independent,Biscuit
Dr.Radhakrishnan Nagar,12,S.EMMANUVEL,Independent,Ship
Dr.Radhakrishnan Nagar,13,A. USHA,Independent,Baby walker
Dr.Radhakrishnan Nagar,14,R.ETHIRAJ,Independent,Grapes
Dr.Radhakrishnan Nagar,15,V.SHANKAR,Independent,Bench
Dr.Radhakrishnan Nagar,16,M. SATHISH,Independent,Chain
Dr.Radhakrishnan Nagar,17,J.SARAVANAKUMAR,Independent,Road roller
Dr.Radhakrishnan Nagar,18,L.SARAVANAN,Independent,Laptop
Dr.Radhakrishnan Nagar,19,V.SUDHAKAR,Independent,Green chilli
Dr.Radhakrishnan Nagar,20,K. SUJITH,Independent,Carpet
Dr.Radhakrishnan Nagar,21,R.TAMILARASAN,Independent,Electric pole
Dr.Radhakrishnan Nagar,22,TAMILSELVAN,Independent,Sofa
Dr.Radhakrishnan Nagar,23,R.DEVAKUMAR,Independent,Coat
Dr.Radhakrishnan Nagar,24,D.PRABHU,Independent,Iron
Dr.Radhakrishnan Nagar,25,G. BOTHI RAJAN,Independent,Cake
Dr.Radhakrishnan Nagar,26,MANIKANDAN.H,Independent,Chimney
Dr.Radhakrishnan Nagar,27,G. MADHAN KUMAR,Independent,Box
Dr.Radhakrishnan Nagar,28,V. MADHAN MOHAN,Independent,Bat
Dr.Radhakrishnan Nagar,29,P. MARIMUTHU,Independent,Mixee
Dr.Radhakrishnan Nagar,30,R. MUTHU CHELLA BHARATHI,Independent,Carrom board
Dr.Radhakrishnan Nagar,31,K. MURALI,Independent,Pressure cooker
Dr.Radhakrishnan Nagar,32,J.MURALI KRISHNAN,Independent,Flute
Dr.Radhakrishnan Nagar,33,C. RAJAMANICKAM,Independent,Gas cylinder
Dr.Radhakrishnan Nagar,34,J.VIJAYAN,Independent,Coconut farm
Dr.Radhakrishnan Nagar,35,A.VIJAY,Independent,Robot
Dr.Radhakrishnan Nagar,36,G. VIJAY,Independent,Hand cart
Dr.Radhakrishnan Nagar,37,C.JANARTHANAN,Independent,Ring
Dr.Radhakrishnan Nagar,38,D. JANARTHANAN,Independent,Mike
Perambur,1,R.D. SHEKAR,Dravida Munnetra Kazhagam,Rising sun
Perambur,2,S. VETRI THAMIZHAN,Naam Tamilar Katchi,Farmer Carrying Plough
Perambur,3,VETRI VEL SELVAM,Bahujan Samaj Party,Elephant
Perambur,4,ASHLIN BELMEN .A.S,Tamilnadu Mahatma Gandhi Makkal Katchi,Diamond
Perambur,5,M. GEETA,Thakkam Katchi,Matchbox
Perambur,6,DR.R. SARAVANA PERUMAL,Makkal Nalvaazhvuk Katchi,Bucket
Perambur,7,SIVAKUMAR.V,Tamil Telugu National Party,Scissors
Perambur,8,S. SURESHKUMAR,Makkalatchi Katchi,Telephone
Perambur,9,J. SEBASTIN,Socialist Unity Centre Of India (COMMUNIST),Gas cylinder
Perambur,10,M. THILAGABAMA,Pattali Makkal Katchi,Mango
Perambur,11,K.M. DEVAN,Makkal Murasu Katchi,Computer
Perambur,12,S. MALATHI,Veerath Thiyagi Viswanathadoss Thozhilalarkal Katchi,Pestle and mortar
Perambur,13,A. RAJARAM,Republican Party of India (Athawale),Ganna kisan
Perambur,14,VIJAY,All India Jananayaka Makkal Kazhagam,Road roller
Perambur,15,D.V. VENUGOPAL,Tamizhaga Vaazhvurimai Katchi,Camera
Perambur,16,C. JOSEPH VIJAY,Tamilaga Vettri Kazhagam,Whistle
Perambur,17,AGNI AALVAR,Independent,Pressure cooker
Perambur,18,AMALA.R,Independent,Walking stick
Perambur,19,AZARUTHEEN.M,Independent,Battery Torch
Perambur,20,P. ESAKKI MUTHU,Independent,Table
Perambur,21,E. UDHAYA KUMAR,Independent,Letter box
Perambur,22,M. KADHIRAVAN,Independent,Trumpet
Perambur,23,P. GUNASEKAR,Independent,Can
Perambur,24,B. SATHISH KUMAR,Independent,Box
Perambur,25,SATHISH.B,Independent,Robot
Perambur,26,P. THANGAMANI,Independent,Binoculars
Perambur,27,M. TAMILSELVAM,Independent,Bicycle pump
Perambur,28,H. DHANASEKAR,Independent,Ship
Perambur,29,M.I. THAHIRA BANU,Independent,Grapes
Perambur,30,NIVETHA,Independent,Ring
Perambur,31,B. BALAJI,Independent,Jackfruit
Perambur,32,P. PONRAJ,Independent,Cutting pliers
Perambur,33,BOWDHARAJ,Independent,Mike
Perambur,34,DR.D. MADAN,Independent,Stethoscope
Perambur,35,DR.G. MOORTHY,Independent,CCTV Camera
Perambur,36,S. MICHAEL,Independent,Bat
Perambur,37,S. RAMESH,Independent,Biscuit
Perambur,38,V. RAJI,Independent,Tea filter
Perambur,39,S. RAJESH KUMAR,Independent,Balloon
Perambur,40,REEGAN PRABHU,Independent,Batsman
Perambur,41,G. RUTHRA KUMAR,Independent,Pen nib with seven rays
Perambur,42,VIJAY. G,Independent,Gramophone
Perambur,43,S. VISHNU VARTHAN,Independent,Pillow
Perambur,44,B. VENKATESAN,Independent,Coconut farm
Perambur,45,R. JAYASEELAN,Independent,Helmet
Perambur,46,S. JOSEPH,Independent,Pen drive
Perambur,47,M. JOSEPH,Independent,Noodles bowl
Kolathur,1,P. SANTHANA KRISHNAN,All India Anna Dravida Munnetra Kazhagam,Two leaves
Kolathur,2,SUBASHINI,Bahujan Samaj Party,Elephant
Kolathur,3,SOUNDARA PANDIAN LUDER SETH,Naam Tamilar Katchi,Farmer Carrying Plough
Kolathur,4,M. K. STALIN,Dravida Munnetra Kazhagam,Rising sun
Kolathur,5,AATHITHYA,Samata Party,Bangles
Kolathur,6,E. RAAMADASAN,Makkal Nalvaazhvuk Katchi,Gas cylinder
Kolathur,7,OORMILA,Tamizhaga Vaazhvurimai Katchi,Camera
Kolathur,8,K. ELUMALAI,Veerath Thiyagi Viswanathadoss Thozhilalarkal Katchi,Pestle and mortar
Kolathur,9,SIVAGNANASAM,Desiya Makkal Sakthi Katchi,Balloon
Kolathur,10,S.Y. SYED YUSUF,Republican Party of India (Athawale),Ganna kisan
Kolathur,11,V. S. BABU,Tamilaga Vettri Kazhagam,Whistle
Kolathur,12,ARUL DOSS. A.,Independent,Table
Kolathur,13,KAJA MAIDEEN,Independent,Hand cart
Kolathur,14,V. A. SUDHAKAR,Independent,Ship
Kolathur,15,M. SURESH,Independent,Mike
Kolathur,16,J. SURIYA MUTHU,Independent,Iron
Kolathur,17,R. SENTHIL KUMAR,Independent,Diamond
Kolathur,18,SELVI STEFFI. V. M,Independent,Boat with man and sail
Kolathur,19,NANDA KUMAR,Independent,Helmet
Kolathur,20,A. L. NARESH KUMAR,Independent,Matchbox
Kolathur,21,V. NARESH BABU,Independent,Bat
Kolathur,22,K. PANNEER SELVAM,Independent,Ring
Kolathur,23,S. BALACHANDAR,Independent,Electric pole
Kolathur,24,R. BALAJI,Independent,Carrom board
Kolathur,25,M. POORNIMA,Independent,CCTV Camera
Kolathur,26,R. MAHESH,Independent,Road roller
Kolathur,27,P. MILANY,Independent,Bucket
Kolathur,28,R. RAVIKUMAR,Independent,Football player
Kolathur,29,R. RAJ GURU,Independent,Pen nib with seven rays
Kolathur,30,RAJA. G.,Independent,Gas Stove
Kolathur,31,A. RAJI,Independent,Walking stick
Kolathur,32,M. RAJESHKUMAR,Independent,Door bell
Kolathur,33,VIGIRDHAN,Independent,Flute
Kolathur,34,FARMER JAYARAMAN. S K J.,Independent,Chappals
Kolathur,35,S. SHARAN,Independent,Computer
Villivakkam,1,KARTHIK MOHAN,Dravida Munnetra Kazhagam,Rising sun
Villivakkam,2,ROSHINI S,Naam Tamilar Katchi,Farmer Carrying Plough
Villivakkam,3,VIJAYAKUMAR  S.R,All India Anna Dravida Munnetra Kazhagam,Two leaves
Villivakkam,4,ABDUL SHABEEK  A,Tamizhaga Vaazhvurimai Katchi,Camera
Villivakkam,5,AJITHKUMAR A,Thakkam Katchi,Matchbox
Villivakkam,6,AADHAV ARJUNA,Tamilaga Vettri Kazhagam,Whistle
Villivakkam,7,ASHOK KUMAR C.A,Independent,Gas cylinder
Villivakkam,8,ANBAZHAGAN G,Independent,Tooth brush
Villivakkam,9,KANNAN M,Independent,Batsman
Villivakkam,10,KANDASAMY S,Independent,Coconut farm
Villivakkam,11,KARTHICK S,Independent,Gift pack
Villivakkam,12,KARTHICK P,Independent,Binoculars
Villivakkam,13,SHANMUGA D,Independent,Pen nib with seven rays
Villivakkam,14,CHARAVANAN M.P,Independent,Letter box
Villivakkam,15,SOLOMON  J.R,Independent,Pressure cooker
Villivakkam,16,SUBRAMANI K,Independent,Table
Villivakkam,17,DHAYANIDHI D,Independent,Electric pole
Villivakkam,18,DEVARAJAN G,Independent,CCTV Camera
Villivakkam,19,BALAMURALI G,Independent,Bat
Villivakkam,20,PURUSHOTHAMAN P,Independent,Bucket
Villivakkam,21,MANIMARAN P,Independent,Balloon
Villivakkam,22,MURALI R,Independent,Air conditioner
Villivakkam,23,MURALI VINODH  M,Independent,Almirah
Villivakkam,24,YUVARAJ S,Independent,Bricks
Villivakkam,25,RAJI M,Independent,Box
Villivakkam,26,VIJAYAKUMAR G,Independent,Battery Torch
Villivakkam,27,VIJAYAKUMAR  D,Independent,Brush
Villivakkam,28,JAYA ZEBA C,Independent,Diamond
Thiru-Vi-Ka-Nagar,1,K. S. RAVICHANDRAN,Dravida Munnetra Kazhagam,Rising sun
Thiru-Vi-Ka-Nagar,2,PORKODI ARMSTRONG,All India Anna Dravida Munnetra Kazhagam,Two leaves
Thiru-Vi-Ka-Nagar,3,JAGADESH CHANDER .M,Naam Tamilar Katchi,Farmer Carrying Plough
Thiru-Vi-Ka-Nagar,4,C. CHRISTY,All India Puratchi Thalaivar Makkal Munnettra Kazhagam,Coconut farm
Thiru-Vi-Ka-Nagar,5,A. SELVA KUMAR,Thakkam Katchi,Matchbox
Thiru-Vi-Ka-Nagar,6,M. R. PALLAVI,Tamilaga Vettri Kazhagam,Whistle
Thiru-Vi-Ka-Nagar,7,S JAYAKALPANA,Republican Party of India (Athawale),Ganna kisan
Thiru-Vi-Ka-Nagar,8,R. ANANDAN,Independent,Cot
Thiru-Vi-Ka-Nagar,9,M. KANNADASAN,Independent,Chimney
Thiru-Vi-Ka-Nagar,10,M. KOLANJI,Independent,Diamond
Thiru-Vi-Ka-Nagar,11,D. SATHISH KUMAR,Independent,Funnel
Thiru-Vi-Ka-Nagar,12,SATHISH,Independent,Electric pole
Thiru-Vi-Ka-Nagar,13,S. SENTHAMIZHAN,Independent,Box
Thiru-Vi-Ka-Nagar,14,G. J. DHARANIRAJ,Independent,Swing
Thiru-Vi-Ka-Nagar,15,S. PARTHIBAN,Independent,Wheel barrow
Thiru-Vi-Ka-Nagar,16,PRAKASH ARUNACHALAM,Independent,Kettle
Thiru-Vi-Ka-Nagar,17,PRASANTH. D,Independent,Ship
Thiru-Vi-Ka-Nagar,18,PRAVEEN THIYAGARAJAN,Independent,Batsman
Thiru-Vi-Ka-Nagar,19,R. MURUGAN,Independent,Cauliflower
Thiru-Vi-Ka-Nagar,20,M. MOHAN,Independent,Brush
Thiru-Vi-Ka-Nagar,21,S. RAJENDRAN,Independent,Typewriter
Thiru-Vi-Ka-Nagar,22,M. LOKESH,Independent,Violin
Thiru-Vi-Ka-Nagar,23,C. JAGAN MOHAN,Independent,Telephone
Egmore,1,ABISHEK. R,All India Anna Dravida Munnetra Kazhagam,Two leaves
Egmore,2,SARANYA IMRAN,Naam Tamilar Katchi,Farmer Carrying Plough
Egmore,3,TAMILAN PRASANNA,Dravida Munnetra Kazhagam,Rising sun
Egmore,4,ARUN RAO. N.A,Naam Indiar Party,Spanner
Egmore,5,DR.N. GUNASEKAR,Republican Party of India (Athawale),Ganna kisan
Egmore,6,D. THIRUNAVUKKARASAR,Tamizhaga Vaazhvurimai Katchi,Camera
Egmore,7,T. MAGIZHANBAN,All India Puratchi Thalaivar Makkal Munnettra Kazhagam,Coconut farm
Egmore,8,G.R. RAJENDRAN,National Maha Sabha Party,Gas cylinder
Egmore,9,RAJMOHAN,Tamilaga Vettri Kazhagam,Whistle
Egmore,10,ARAVINDAN,Independent,Matchbox
Egmore,11,R. KUMARAVEL,Independent,Iron
Egmore,12,M. NAGARAJAN,Independent,Helmet
Egmore,13,S. PICHAMUTHU,Independent,Batsman
Egmore,14,RAJKUMAR,Independent,Dumbbells
Egmore,15,RAJMOHAN,Independent,School bag
Egmore,16,S. VINOTH KUMAR,Independent,Diamond
Egmore,17,VENKATESH. K,Independent,Carrom board
Egmore,18,SRIDHAR. M,Independent,Stumps
Royapuram,1,DR. A. SUBAIR KHAN,Dravida Munnetra Kazhagam,Rising sun
Royapuram,2,A. BABU MAILAN,Naam Tamilar Katchi,Farmer Carrying Plough
Royapuram,3,D. JAYAKUMAR,All India Anna Dravida Munnetra Kazhagam,Two leaves
Royapuram,4,M. JAYARAJKUMAR,Bahujan Samaj Party,Elephant
Royapuram,5,A. SATHIK KUMAR,Democratic National Allegiance,Ship
Royapuram,6,M. RAJKUMAR,Tamizhaga Vaazhvurimai Katchi,Camera
Royapuram,7,R. VINOTHKUMAR,Naam Indiar Party,Spanner
Royapuram,8,K.V. VIJAY DAMU,Tamilaga Vettri Kazhagam,Whistle
Royapuram,9,T. KAVIYARASU,Independent,Swing
Royapuram,10,G. KARTHIKEYAN,Independent,Football player
Royapuram,11,KERTHIVARUNNAN .R,Independent,Air conditioner
Royapuram,12,A. SASIKUMAR,Independent,Wallet
Royapuram,13,M. SHANMUGAM,Independent,Matchbox
Royapuram,14,K.J. SIVAKUMAR,Independent,Boat with man and sail
Royapuram,15,P. SUMATHI,Independent,Bricks
Royapuram,16,J. SELVAKUMAR,Independent,Dish antenna
Royapuram,17,M DHINAKARAN,Independent,Cake
Royapuram,18,A. NIZAR AHAMED,Independent,Chess board
Royapuram,19,V. BHAGATH SINGH,Independent,Robot
Royapuram,20,K. PRASATH,Independent,Electric pole
Royapuram,21,M. MAHALAKSHMI,Independent,Green chilli
Royapuram,22,S. RAJU,Independent,Calculator
Royapuram,23,T. RAJESH,Independent,Gas cylinder
Royapuram,24,R. RAJKUMAR,Independent,Box
Royapuram,25,A. JAYAKUMAR,Independent,Bicycle pump
Royapuram,26,D. JAYAKUMAR,Independent,Binoculars
Royapuram,27,I JAYAPRAKASH,Independent,Diamond
Royapuram,28,C. SRIDHAR,Independent,Coat
Harbour,1,M SURESH,Bahujan Samaj Party,Elephant
Harbour,2,P K SEKARBABU,Dravida Munnetra Kazhagam,Rising sun
Harbour,3,R FOUZAN SHARIFF,Naam Tamilar Katchi,Farmer Carrying Plough
Harbour,4,R MANOHAR,All India Anna Dravida Munnetra Kazhagam,Two leaves
Harbour,5,SINORA P S ASHOK,Tamilaga Vettri Kazhagam,Whistle
Harbour,6,SIVALINGAM ASHOK,Independent,Plate stand
Harbour,7,ASHOK KUMAR,Independent,Peas
Harbour,8,S GANESH,Independent,Diamond
Harbour,9,D KABILAN,Independent,Air conditioner
Harbour,10,M KALAIVENTHAN,Independent,Lady finger
Harbour,11,SANKAR A,Independent,Tea filter
Harbour,12,J SHANMUGAPRIYAN,Independent,Bangles
Harbour,13,R DINESH,Independent,Electric pole
Harbour,14,J M NIRAIMOZHI,Independent,Batsman
Harbour,15,A NEPOLIAN,Independent,Calculator
Harbour,16,BABU SINGH,Independent,Telephone
Harbour,17,K E MANOHAR,Independent,Grapes
Harbour,18,G VISU,Independent,Gas Stove
Harbour,19,I VINOD,Independent,Ship
Harbour,20,P VIJAYAKUMAR,Independent,Trumpet
Harbour,21,T VIJAYARAJ,Independent,Nail cutter
Harbour,22,S VEERABATHRAN,Independent,Cutting pliers
Harbour,23,V JAGADEESAN,Independent,Chess board
Chepauk-Thiruvallikeni,1,AADIRAJARAM,All India Anna Dravida Munnetra Kazhagam,Two leaves
Chepauk-Thiruvallikeni,2,AYSHA,Naam Tamilar Katchi,Farmer Carrying Plough
Chepauk-Thiruvallikeni,3,UDHAYANIDHI STALIN,Dravida Munnetra Kazhagam,Rising sun
Chepauk-Thiruvallikeni,4,MOHAMMED YASSER,Bahujan Samaj Party,Elephant
Chepauk-Thiruvallikeni,5,IRFAN BASHA,Tamizhaga Vaazhvurimai Katchi,Camera
Chepauk-Thiruvallikeni,6,SELVAM. D,Tamilaga Vettri Kazhagam,Whistle
Chepauk-Thiruvallikeni,7,AGNI AALVAR,Independent,Pen nib with seven rays
Chepauk-Thiruvallikeni,8,ATHIMULAM,Independent,Electric pole
Chepauk-Thiruvallikeni,9,AYISHA,Independent,Coconut farm
Chepauk-Thiruvallikeni,10,ARUMUGAM. C,Independent,Gas cylinder
Chepauk-Thiruvallikeni,11,KUMAR. M,Independent,Spanner
Chepauk-Thiruvallikeni,12,SAAMY. S.K. DR,Independent,Mike
Chepauk-Thiruvallikeni,13,SEENIVASAN. L,Independent,Almirah
Chepauk-Thiruvallikeni,14,SELVAM. K,Independent,Wool and Needle
Chepauk-Thiruvallikeni,15,SELVAM. K,Independent,Brush
Chepauk-Thiruvallikeni,16,SYEED LAYAK BHASHA,Independent,Matchbox
Chepauk-Thiruvallikeni,17,BHARATHKUMAR. G,Independent,Coat
Chepauk-Thiruvallikeni,18,MILANY. P,Independent,Chess board
Chepauk-Thiruvallikeni,19,MIRZA SAFDER ALI,Independent,Battery Torch
Chepauk-Thiruvallikeni,20,MOHAMED DHARIK. I,Independent,Helmet
Chepauk-Thiruvallikeni,21,MOHAMED MEERA. A,Independent,Television
Chepauk-Thiruvallikeni,22,RAJASEKAR. S,Independent,Wheel barrow
Chepauk-Thiruvallikeni,23,RAJESHKUMAR. K,Independent,Tea filter
Chepauk-Thiruvallikeni,24,VIJAYA KUMAR. B,Independent,Shoe
Chepauk-Thiruvallikeni,25,SELVAM ( ALIAS ) VENKATESH,Independent,Razor
Chepauk-Thiruvallikeni,26,SELVAM ( ALIAS ) HARINARAYANAN,Independent,Frying pan
Thousand Lights,1,EZHILAN NAGANATHAN,Dravida Munnetra Kazhagam,Rising sun
Thousand Lights,2,KALANCHIYAM.MU,Naam Tamilar Katchi,Farmer Carrying Plough
Thousand Lights,3,VALARMATHI.B,All India Anna Dravida Munnetra Kazhagam,Two leaves
Thousand Lights,4,PRABHAKAR.J.C.D,Tamilaga Vettri Kazhagam,Whistle
Thousand Lights,5,MOHAMED GHOUSE.H,Tamizhaga Vaazhvurimai Katchi,Camera
Thousand Lights,6,KARTHIKEYAN.S,Independent,Cake
Thousand Lights,7,SHANKAR.V,Independent,Grapes
Thousand Lights,8,SATHYA.A,Independent,Mike
Thousand Lights,9,SUNDARA RAJU.A,Independent,Gas cylinder
Thousand Lights,10,DHANASEKARAN.V,Independent,Carrom board
Thousand Lights,11,PACHAIYAPPAN.E,Independent,Biscuit
Thousand Lights,12,PRABHAKARAN.T,Independent,Bread
Thousand Lights,13,PRABHAKARAN.B,Independent,Gas Stove
Thousand Lights,14,PRABHAKARAN.V,Independent,Letter box
Thousand Lights,15,MUNIYAN.E,Independent,Brush
Thousand Lights,16,VALARMATHI.E,Independent,Box
Thousand Lights,17,VALARMATHY.D,Independent,Bat
Thousand Lights,18,VIJAY.D,Independent,Belt
Anna Nagar,1,S.GOKULA INDIRA,All India Anna Dravida Munnetra Kazhagam,Two leaves
Anna Nagar,2,S.SHANKAR,Naam Tamilar Katchi,Farmer Carrying Plough
Anna Nagar,3,N.CHITRARASU,Dravida Munnetra Kazhagam,Rising sun
Anna Nagar,4,B.ANAND,Thakkam Katchi,Matchbox
Anna Nagar,5,S.DHAYALAN,Thamizhaga Munnetra Congress,Battery Torch
Anna Nagar,6,V.K.RAMKUMAR,Tamilaga Vettri Kazhagam,Whistle
Anna Nagar,7,E.V.S.RAJAKUMAR NAIDU,Tamil Telugu National Party,Bat
Anna Nagar,8,N.P.RAJHA,Naam Indiar Party,Spanner
Anna Nagar,9,T S HABEEB MOHAMMAD,Independent,Pen nib with seven rays
Anna Nagar,10,S ANSAR ALI,Independent,Jackfruit
Anna Nagar,11,G OMPRAKASH,Independent,Frying pan
Anna Nagar,12,L KASINATHAN,Independent,Helmet
Anna Nagar,13,S SATHISH KUMAR,Independent,Gas cylinder
Anna Nagar,14,G.SIVA KUMAR,Independent,Dolli
Anna Nagar,15,M SELVAMUTHUKUMAR,Independent,Dish antenna
Anna Nagar,16,L NARENDRAN,Independent,Ring
Anna Nagar,17,J NAGARAJ,Independent,Chappals
Anna Nagar,18,M MANOHARAN,Independent,Stool
Anna Nagar,19,MOHAMMED BILAL FATHICK,Independent,Sitar
Anna Nagar,20,RAMAMOORTHY E,Independent,Flute
Anna Nagar,21,RAJENDIRAN NAIDU,Independent,Pressure cooker
Anna Nagar,22,S VINESH KUMAR,Independent,Plate stand
Anna Nagar,23,JANARTHANAN P,Independent,Computer
Anna Nagar,24,M HARISHANKAR,Independent,Diamond
Virugampakkam,1,SANTHOSH,Naam Tamilar Katchi,Farmer Carrying Plough
Virugampakkam,2,PRABHAKARA RAJA.A.M.V,Dravida Munnetra Kazhagam,Rising sun
Virugampakkam,3,VIRUGAI V.N.RAVI,All India Anna Dravida Munnetra Kazhagam,Two leaves
Virugampakkam,4,SABARINATHAN.R,Tamilaga Vettri Kazhagam,Whistle
Virugampakkam,5,SURESHBABU.T.M,Tamil Telugu National Party,Bat
Virugampakkam,6,BALAMURUGAN.P,Naam Indiar Party,Spanner
Virugampakkam,7,MUTHURAJ.T,Tamizhaga Vaazhvurimai Katchi,Camera
Virugampakkam,8,ROY GEORGE,Anna Puratchi Thalaivar Amma Dravida Munnetra Kazhagam,Jackfruit
Virugampakkam,9,JAGADISH.S,Republican Party of India (Athawale),Ganna kisan
Virugampakkam,10,ALEX PANDIAN.K,Independent,Gas Stove
Virugampakkam,11,ESAKKIMUTHUNADAR.P,Independent,Air conditioner
Virugampakkam,12,EZHILRAJ.D,Independent,Gas cylinder
Virugampakkam,13,KARTHICK.M,Independent,Electric pole
Virugampakkam,14,KUMAR.S,Independent,Balloon
Virugampakkam,15,GOPINATH.G,Independent,Diamond
Virugampakkam,16,SANKAR.E,Independent,Box
Virugampakkam,17,CHANDRA SEKAR.K,Independent,Ship
Virugampakkam,18,SABARINATHAN.P,Independent,Battery Torch
Virugampakkam,19,SRINIVASAN.M,Independent,Mike
Virugampakkam,20,DINESHKUMAR.N,Independent,School bag
Virugampakkam,21,RANGARAJ.G,Independent,Pressure cooker
Virugampakkam,22,RAVIKUMAR,Independent,Laptop
Virugampakkam,23,LUKMANBABU.S,Independent,Coconut farm
Virugampakkam,24,VENKATESAN.C,Independent,Head phone
Saidapet,1,KUMARAN. G.P,Bahujan Samaj Party,Elephant
Saidapet,2,SUBRAMANIAN. MA,Dravida Munnetra Kazhagam,Rising sun
Saidapet,3,SRIVIDYA. G,Naam Tamilar Katchi,Farmer Carrying Plough
Saidapet,4,ARUL PRAKASAM. M,Tamilaga Vettri Kazhagam,Whistle
Saidapet,5,SENTHAMIZHAN. G,Amma Makkal Munnettra Kazagam,Pressure cooker
Saidapet,6,SOUNDARARAJAN. N,Naam Indiar Party,Spanner
Saidapet,7,PARTHIBAN. S,MGR Makkal Katchi,Helmet
Saidapet,8,ANAND. S,Independent,Bat
Saidapet,9,KANDHASAMY. R (ALIAS) BABU,Independent,Sewing machine
Saidapet,10,PRASAD. N,Independent,Brick
Saidapet,11,PRITHVIRAJ. A,Independent,Gas cylinder
Saidapet,12,YOGAPRAKASH. B,Independent,Diamond
Saidapet,13,RAJA. R,Independent,Pen nib with seven rays
Saidapet,14,VALARMATHI. P,Independent,Air conditioner
Saidapet,15,GINGSTON. M,Independent,Ship
Thiyagarayanagar,1,ANUSHA V,Naam Tamilar Katchi,Farmer Carrying Plough
Thiyagarayanagar,2,SATHIYANARAYANAN B,All India Anna Dravida Munnetra Kazhagam,Two leaves
Thiyagarayanagar,3,RAJA ANBAZHAGAN,Dravida Munnetra Kazhagam,Rising sun
Thiyagarayanagar,4,ANAND N,Tamilaga Vettri Kazhagam,Whistle
Thiyagarayanagar,5,RAVI M L,Desiya Makkal Sakthi Katchi,Balloon
Thiyagarayanagar,6,ABUKITHER M,Independent,Pen nib with seven rays
Thiyagarayanagar,7,ARAVIND GOSH Y T,Independent,Shutter
Thiyagarayanagar,8,EASAN NATARAJAN T,Independent,Camera
Thiyagarayanagar,9,KUMAR SRI SRI B,Independent,Brief case
Thiyagarayanagar,10,SATHISH KUMAR B,Independent,Helmet
Thiyagarayanagar,11,GNANASEKARAN G,Independent,Crane
Thiyagarayanagar,12,THENNARASU P,Independent,Shoe
Thiyagarayanagar,13,PADMINI NARASIMHAN,Independent,Lunch box
Thiyagarayanagar,14,BADRI S,Independent,Gas cylinder
Thiyagarayanagar,15,BALAJI S,Independent,Cake
Thiyagarayanagar,16,PRASATH D,Independent,Ring
Thiyagarayanagar,17,MANIKANDAN T,Independent,Bread toaster
Thiyagarayanagar,18,MANIKANDAN N,Independent,Ship
Thiyagarayanagar,19,MOORTHY N,Independent,Road roller
Thiyagarayanagar,20,MYTHILI C,Independent,Belt
Thiyagarayanagar,21,RAMKUMAR L,Independent,Tennis racket & ball
Thiyagarayanagar,22,RAMACHANDRAN O N,Independent,Sitar
Thiyagarayanagar,23,RAJESH E,Independent,Television
Thiyagarayanagar,24,VETRIVEL K,Independent,Bat
Thiyagarayanagar,25,JAYAVEL,Independent,Pendulum
Thiyagarayanagar,26,JOTHIRAJ G M,Independent,Wallet
Mylapore,1,ARUN. R.L,Naam Tamilar Katchi,Farmer Carrying Plough
Mylapore,2,DR. TAMILISAI SOUNDARARAJAN,Bharatiya Janata Party,Lotus
Mylapore,3,BALAJI. V,Bahujan Samaj Party,Elephant
Mylapore,4,VELU. DHA,Dravida Munnetra Kazhagam,Rising sun
Mylapore,5,DEVENDRAN. R,Tamizhaga Murpokku Makkal Katchi,Matchbox
Mylapore,6,NAGARAJAN. S,All India Jananayaka Makkal Kazhagam,Mixee
Mylapore,7,MOORTHY. S,Thamizhaga Dravidar Katchi,Helmet
Mylapore,8,MOHANRAJ. J,Jebamani Janata,Green chilli
Mylapore,9,VENKATARAMANAN. P,Tamilaga Vettri Kazhagam,Whistle
Mylapore,10,SELVAMUTHU. S,Independent,Ship
Mylapore,11,PARTHIPAN. G,Independent,Cauliflower
Mylapore,12,RADHAKRISHNAN. G,Independent,Box
Mylapore,13,ROMANRAJ. A,Independent,Letter box
Mylapore,14,VINU PRADHA. A,Independent,Flute
Mylapore,15,VIJAYALAKSHMI. P,Independent,Sitar
Mylapore,16,VIJAYA KRISHNA. V,Independent,Bangles
Mylapore,17,VENKATARAMAN. B,Independent,Trumpet
Mylapore,18,VELU. K,Independent,Dish antenna
Mylapore,19,JAYAGOPI. M,Independent,Electric pole
Velachery,1,AASSAN MAULAANA J.M.H,Indian National Congress,Hand
Velachery,2,ASHOK. M.K,All India Anna Dravida Munnetra Kazhagam,Two leaves
Velachery,3,KEERTHANA. M,Naam Tamilar Katchi,Farmer Carrying Plough
Velachery,4,MOHANRAJ. K,Bahujan Samaj Party,Elephant
Velachery,5,KANCHANA. R,Tamizhaga Murpokku Makkal Katchi,Matchbox
Velachery,6,KUMAR. R,Tamilaga Vettri Kazhagam,Whistle
Velachery,7,POYYAMOZHI. M,Proutist Sarva Samaj,Diamond
Velachery,8,MANI. M,Veerath Thiyagi Viswanathadoss Thozhilalarkal Katchi,Pestle and mortar
Velachery,9,MOHAMED YASEEN. I,Thakkam Katchi,Balloon
Velachery,10,ROKESH KUMAR. V,Tamizhaga Vaazhvurimai Katchi,Camera
Velachery,11,ASHOK. M,Independent,Sofa
Velachery,12,AZARUTHEEN. M,Independent,Calculator
Velachery,13,AHAMMED NAZEER KHAN,Independent,Chain
Velachery,14,KANNAN. K,Independent,School bag
Velachery,15,KALA PETHACHI,Independent,Sitar
Velachery,16,SARABESHWAR SISU. P,Independent,Dumbbells
Velachery,17,SURESH K,Independent,Frying pan
Velachery,18,DIWAKAR. R,Independent,Gramophone
Velachery,19,DEEPAK RAVI,Independent,Brief case
Velachery,20,BHASKAR. G,Independent,Baby walker
Velachery,21,MOHAN. R,Independent,Air conditioner
Velachery,22,RADHAKRISHNAN. D.R,Independent,Gas cylinder
Velachery,23,RAJASEKAR. S,Independent,Electric pole
Velachery,24,RITISH,Independent,Ludo
Velachery,25,VIGNESH. M,Independent,Pencil sharpener
Velachery,26,VIGNESH. R,Independent,Envelope
Velachery,27,JANAGARAJ RAVI GUNASEELAN,Independent,Chappals
Shozhinganallur,1,S. ARAVIND RAMESH,Dravida Munnetra Kazhagam,Rising sun
Shozhinganallur,2,K.P.KANDAN,All India Anna Dravida Munnetra Kazhagam,Two leaves
Shozhinganallur,3,S.PUSHNA KUMAR,Bahujan Samaj Party,Elephant
Shozhinganallur,4,R JAYALAKSHMI,Naam Tamilar Katchi,Farmer Carrying Plough
Shozhinganallur,5,M. ALEXANDAR,Naam Indiar Party,Spanner
Shozhinganallur,6,M. CHRISTHU DASS,Dravida Jananayaga Makkal Katchi,Gift pack
Shozhinganallur,7,ECR P SARAVANAN,Tamilaga Vettri Kazhagam,Whistle
Shozhinganallur,8,M.G.RAMU,Jebamani Janata,Battery Torch
Shozhinganallur,9,K. VISHWANATHAN,All India Puratchi Thalaivar Makkal Munnettra Kazhagam,Coconut farm
Shozhinganallur,10,R RAVICHANDRAN,Independent,Bricks
Shozhinganallur,11,V. KANDHAN,Independent,Bucket
Shozhinganallur,12,S. KARTHIK,Independent,Road roller
Shozhinganallur,13,S.GOVINDHAN,Independent,Diamond
Shozhinganallur,14,P.CHANDRA KANTH,Independent,Mike
Shozhinganallur,15,CHANDRASEKARAN,Independent,Ring
Shozhinganallur,16,D. SRINIVASAN,Independent,Throwing a javelin
Shozhinganallur,17,G SURESH KUMAR,Independent,Chess board
Shozhinganallur,18,N.PRASHANTHA RAO,Independent,Pen nib with seven rays
Shozhinganallur,19,A.MOHAMMED GANI,Independent,Matchbox
Shozhinganallur,20,MUTHARASAN,Independent,Electric pole
Shozhinganallur,21,E. MURALI B.A,Independent,Iron
Shozhinganallur,22,R.YOGESHWARAN,Independent,Ship
Shozhinganallur,23,RAMANATHAN M,Independent,Bat
Shozhinganallur,24,RAJESH,Independent,Water melon
Shozhinganallur,25,E. VIJAY,Independent,Laptop
Shozhinganallur,26,FARMER JAYARAMAN S K J,Independent,Gas cylinder
Shozhinganallur,27,JAIKUMAR BALACHANDRAN,Independent,Football player
Alandur,1,T.M.ANBARASAN,Dravida Munnetra Kazhagam,Rising sun
Alandur,2,S.SARAVANAN,All India Anna Dravida Munnetra Kazhagam,Two leaves
Alandur,3,Y.G.MAHALAKSHMI,Naam Tamilar Katchi,Farmer Carrying Plough
Alandur,4,J.AGNI SELVARASU,Naadaalum Makkal Katchi,Pen nib with seven rays
Alandur,5,ARAVIND CHANDRASEKAR,Indhu Dravida Makkal Katchi,Gas cylinder
Alandur,6,B. KALYANARAMKUMAR,Naam Indiar Party,Spanner
Alandur,7,S.ROYAPPAN,Tamizhaga Vaazhvurimai Katchi,Camera
Alandur,8,A.VELUSAMY,Puthiya Tamilagam,Television
Alandur,9,N.HARI KRISHNAN,All India Puratchi Thalaivar Makkal Munnettra Kazhagam,Coconut farm
Alandur,10,M.HARISH,Tamilaga Vettri Kazhagam,Whistle
Alandur,11,V.ANBARASAN,Independent,Well
Alandur,12,A.SARAVANAN,Independent,Electric pole
Alandur,13,S.SARAVANAN,Independent,Batsman
Alandur,14,D.SARAVANAN,Independent,Grapes
Alandur,15,R.SARAVANAN,Independent,Road roller
Alandur,16,R.SURESH,Independent,Cutting pliers
Alandur,17,SENKODI VIJAYALAKSHMI,Independent,Ship
Alandur,18,R.SELVAKUMAR,Independent,Scissors
Alandur,19,G.DANIEL ANTONYRAJ,Independent,Box
Alandur,20,MAHESH KUMAR,Independent,Peas
Alandur,21,G.RAMANAN,Independent,Pen stand
Alandur,22,K.VELAYUDHAM,Independent,Hand cart
Alandur,23,M.HARISH,Independent,Tea filter
Sriperumbudur,1,M. SINDHU EZHILARASAN,Naam Tamilar Katchi,Farmer Carrying Plough
Sriperumbudur,2,K. SELVAPERUNTHAGAI,Indian National Congress,Hand
Sriperumbudur,3,K. PALANI,All India Anna Dravida Munnetra Kazhagam,Two leaves
Sriperumbudur,4,A. GURUANANDHAN,Anaithinthiya Anna Dravida Makkal Seyal katchi,Telephone
Sriperumbudur,5,A.GNANASEKARAN,Tamizhaga Vaazhvurimai Katchi,Camera
Sriperumbudur,6,M.TAMILARASAN,Communist Party of India (Marxist-Leninist) (Liberation),Flag with three stars
Sriperumbudur,7,THENNARASU.K,Tamilaga Vettri Kazhagam,Whistle
Sriperumbudur,8,D.PURUSHOTHAMAN,All India Puratchi Thalaivar Makkal Munnettra Kazhagam,Coconut farm
Sriperumbudur,9,ELANGOVAN SIVAKUMAR,Independent,Scissors
Sriperumbudur,10,J. NITHYA,Independent,Electric pole
Sriperumbudur,11,E. MURUGAN,Independent,Box
Sriperumbudur,12,G. RAJATHI,Independent,Water tank
Sriperumbudur,13,P. VEDHAGIRI,Independent,Air conditioner
Pallavaram,1,DR.R.KARTHIKEYAN,Naam Tamilar Katchi,Farmer Carrying Plough
Pallavaram,2,N.BHARATHI,Bahujan Samaj Party,Elephant
Pallavaram,3,D.MURUGESAN,Desiya Murpokku Dravida Kazhagam,Nagara
Pallavaram,4,V.VENKATESAN,All India Anna Dravida Munnetra Kazhagam,Two leaves
Pallavaram,5,T.AMIRTHA KANTHAN,Naam Indiar Party,Spanner
Pallavaram,6,M.L.RAVI,Desiya Makkal Sakthi Katchi,Balloon
Pallavaram,7,J.KAMATCHI,Tamilaga Vettri Kazhagam,Whistle
Pallavaram,8,A.THANGARAJ,Puthiya Tamilagam,Gas cylinder
Pallavaram,9,G.RAMESHBABU,Indhu Dravida Makkal Katchi,Battery Torch
Pallavaram,10,S.RAHAMATHULLA,Tamizhaga Vaazhvurimai Katchi,Camera
Pallavaram,11,B.RAJESWARI,Naadaalum Makkal Katchi,Pen nib with seven rays
Pallavaram,12,R.RAJKUMAR,All India Puratchi Thalaivar Makkal Munnettra Kazhagam,Coconut farm
Pallavaram,13,M.SANKAR,Independent,Electric pole
Pallavaram,14,S.SATHIYARAJ,Independent,Telephone
Pallavaram,15,M.SIVAKUMAR,Independent,Pestle and mortar
Pallavaram,16,S.SUNDARAMOORTHY PANDIYAR,Independent,Ship
Pallavaram,17,R.MUTHUKUMAR,Independent,Bricks
Pallavaram,18,P.RAVICHANDRAN,Independent,Water melon
Pallavaram,19,N.RAMKUMAR,Independent,Road roller
Pallavaram,20,RAJESH T R,Independent,Noodles bowl
Pallavaram,21,S.VETRI VEL,Independent,Flute
Pallavaram,22,R.JAWAHAR,Independent,Diamond
Pallavaram,23,G.JOHN PANDIAN,Independent,Matchbox
Tambaram,1,C.RAJENDRAN,All India Anna Dravida Munnetra Kazhagam,Two leaves
Tambaram,2,R.S.KIRUTHIKA DEVI,Dravida Munnetra Kazhagam,Rising sun
Tambaram,3,S.TAMILCHELVI,Naam Tamilar Katchi,Farmer Carrying Plough
Tambaram,4,M.RAJA,Bahujan Samaj Party,Elephant
Tambaram,5,D.SARATHKUMAR,Tamilaga Vettri Kazhagam,Whistle
Tambaram,6,SIVARAMAN.S,Veerath Thiyagi Viswanathadoss Thozhilalarkal Katchi,Pestle and mortar
Tambaram,7,THAMBIRAJ.E,Naam Indiar Party,Spanner
Tambaram,8,S.PARTHIBAN,Democratic National Allegiance,Ship
Tambaram,9,P.PON RAJA,Tamizhaga Vaazhvurimai Katchi,Camera
Tambaram,10,S.KARTHIK,Independent,Diamond
Tambaram,11,SARATHKUMAR. R,Independent,Gas cylinder
Tambaram,12,T.DHIVAKARAN,Independent,Electric pole
Tambaram,13,S.BALASUBRAMANIAN,Independent,Sewing machine
Tambaram,14,R.RAVIKUMAR,Independent,Football player
Tambaram,15,M. JACOB,Independent,Mixee
Chengalpattu,1,AMUTHA.N,Naam Tamilar Katchi,Farmer Carrying Plough
Chengalpattu,2,M.GAJENDRAN,All India Anna Dravida Munnetra Kazhagam,Two leaves
Chengalpattu,3,KARTHIKDHANDAPANI,Dravida Munnetra Kazhagam,Rising sun
Chengalpattu,4,S. SARAVANAN,Bahujan Samaj Party,Elephant
Chengalpattu,5,S.SELVAM (A) CHELLA,Tamizhaga Vaazhvurimai Katchi,Camera
Chengalpattu,6,S. THIYAGARAJAN,Tamilaga Vettri Kazhagam,Whistle
Chengalpattu,7,M.ANANDAN,Independent,Peas
Chengalpattu,8,A.ESAKKIAPPAN,Independent,Ship
Chengalpattu,9,KARTHICK.A,Independent,Air conditioner
Chengalpattu,10,G. CHRISTOPHER,Independent,Electric pole
Chengalpattu,11,S.DELHI BABU,Independent,Bat
Chengalpattu,12,T. PREM BALAJI,Independent,Stapler
Chengalpattu,13,V. RAMAKRISHNAN,Independent,Coconut farm
Chengalpattu,14,C.VIMALRAJ,Independent,Water melon
Chengalpattu,15,P.GEORGE DEVADOSS,Independent,Nail cutter
Thiruporur,1,AMBETH RAJAN,Naam Tamilar Katchi,Farmer Carrying Plough
Thiruporur,2,R. PANNEERDOSS,Viduthalai Chiruthaigal Katchi,Pot
Thiruporur,3,Dr.D.VINOTH KUMAR,Bahujan Samaj Party,Elephant
Thiruporur,4,A.SELVARAJ,Mannin Maithargal Kazhagam,Gas cylinder
Thiruporur,5,V. DESAPPAN,Samata Party,Boat with man and sail
Thiruporur,6,K. BALU,Pattali Makkal Katchi,Mango
Thiruporur,7,B.VIJAYARAJ,Tamilaga Vettri Kazhagam,Whistle
Thiruporur,8,V M CHANDIRAN,Independent,Ship
Thiruporur,9,S. GNANASEKARAN,Independent,Table
Thiruporur,10,D. PANNEERSELVAM,Independent,Cauliflower
Thiruporur,11,S. MESHAK,Independent,CCTV Camera
Cheyyur,1,SINTHANAI SELVAN,Viduthalai Chiruthaigal Katchi,Pot
Cheyyur,2,SWATHILAKSHMI SEKAR,Naam Tamilar Katchi,Farmer Carrying Plough
Cheyyur,3,RAJASEKAR. E,All India Anna Dravida Munnetra Kazhagam,Two leaves
Cheyyur,4,GANGADURAI. K,Tamizhaga Vaazhvurimai Katchi,Camera
Cheyyur,5,MURUGAVEL. A,All India Puratchi Thalaivar Makkal Munnettra Kazhagam,Coconut farm
Cheyyur,6,MOHAN RAJA.M.G.K,Tamilaga Vettri Kazhagam,Whistle
Cheyyur,7,AMBETHKAR. S,Independent,CCTV Camera
Cheyyur,8,ARUN. C,Independent,Pen drive
Cheyyur,9,EZHIL. E,Independent,Water tank
Cheyyur,10,KRISHNAKANTH. E,Independent,Diesel pump
Cheyyur,11,GOPIKRISHNA. D,Independent,Diamond
Cheyyur,12,RAJA. K,Independent,Bucket
Cheyyur,13,JEGAN. M,Independent,Matchbox
Madurantakam,1,S.AMULU PONMALAR,Dravida Munnetra Kazhagam,Rising sun
Madurantakam,2,MARAGATHAM KUMARAVEL.K,All India Anna Dravida Munnetra Kazhagam,Two leaves
Madurantakam,3,NEELAM E.RAMKUMAR,Bahujan Samaj Party,Elephant
Madurantakam,4,G.JANAKIRAMAN,Naam Tamilar Katchi,Farmer Carrying Plough
Madurantakam,5,EZHIL KATHARINE EZHILMALAI,Tamilaga Vettri Kazhagam,Whistle
Madurantakam,6,R.SUGAN,All India Puratchi Thalaivar Makkal Munnettra Kazhagam,Coconut farm
Madurantakam,7,S.PUNNIYAKOTTI,Tamizhaga Vaazhvurimai Katchi,Camera
Madurantakam,8,M.KADIRVEL,Independent,Ship
Madurantakam,9,RANJITHAM.M,Independent,Diamond
Uthiramerur,1,SUNDAR.K,Dravida Munnetra Kazhagam,Rising sun
Uthiramerur,2,MARAM MASILAMANI.B.S,Naam Tamilar Katchi,Farmer Carrying Plough
Uthiramerur,3,SIVAKUMAR.A,Desiya Makkal Sakthi Katchi,Balloon
Uthiramerur,4,MAGESHKUMAR.P,Pattali Makkal Katchi,Mango
Uthiramerur,5,MUNIRATHINAM.J,Tamilaga Vettri Kazhagam,Whistle
Uthiramerur,6,JAKIRUSAN.D,Tamizhaga Vaazhvurimai Katchi,Camera
Uthiramerur,7,ANBU.V,Independent,Wallet
Uthiramerur,8,KAMALAKANNAN.K,Independent,Flute
Uthiramerur,9,GUNASEKAR.V,Independent,Batsman
Uthiramerur,10,CITTIBABU.R,Independent,Matchbox
Uthiramerur,11,DEVARAJAN.C,Independent,Water melon
Uthiramerur,12,DEVENTHIRAMOORTHY.S,Independent,Hand cart
Uthiramerur,13,MAGESH KUMAR.T,Independent,Road roller
Uthiramerur,14,MAHESWARI.J,Independent,Ship
Kancheepuram,1,V. SOMASUNDARAM,All India Anna Dravida Munnetra Kazhagam,Two leaves
Kancheepuram,2,NITHYA SUGUMAR,Dravida Munnetra Kazhagam,Rising sun
Kancheepuram,3,VETRISELVI,Naam Tamilar Katchi,Farmer Carrying Plough
Kancheepuram,4,R.V. RANJITHKUMAR,Tamilaga Vettri Kazhagam,Whistle
Kancheepuram,5,M. NANDHAKUMAR,Anti Corruption Dynamic Party,Jackfruit
Kancheepuram,6,V. NARESH,Tamizhaga Vaazhvurimai Katchi,Camera
Kancheepuram,7,P. VENKATESAN,All India Puratchi Thalaivar Makkal Munnettra Kazhagam,Coconut farm
Kancheepuram,8,M. SOMASUNDARAM,Independent,Bat
Kancheepuram,9,V. SOMASUNDARAM,Independent,Water melon
Kancheepuram,10,GNANAMOORTHY,Independent,Balloon
Kancheepuram,11,C. DILLIBABU,Independent,Bucket
Kancheepuram,12,E. DHAKSHNAMOORTHY,Independent,Diamond
Kancheepuram,13,G. BABU,Independent,Pressure cooker
Kancheepuram,14,M. BALAJI,Independent,Ring
Kancheepuram,15,M. MEGANATHAN,Independent,Ship
Arakkonam,1,EZHIL CAROLINE,Viduthalai Chiruthaigal Katchi,Pot
Arakkonam,2,P. SUDHAKAR,Bahujan Samaj Party,Elephant
Arakkonam,3,S. RAVI,All India Anna Dravida Munnetra Kazhagam,Two leaves
Arakkonam,4,K. RAJKUMAR,Naam Tamilar Katchi,Farmer Carrying Plough
Arakkonam,5,V. GANDHIRAJ,Tamilaga Vettri Kazhagam,Whistle
Arakkonam,6,N. LAKSHMIPATHY,Tamizhaga Vaazhvurimai Katchi,Camera
Arakkonam,7,VETRIVEL. M,Aanaithinthiya Jananayaka Pathukappu Kazhagam,Gas cylinder
Arakkonam,8,P. GOVINDARAJ,Independent,Balloon
Arakkonam,9,M. SANTHANAM,Independent,Stapler
Arakkonam,10,N. PRAVEENKUMAR,Independent,Road roller
Arakkonam,11,M. MANIKANDAN,Independent,Pendulum
Arakkonam,12,T. MURALIDHARAN,Independent,Ship
Arakkonam,13,G. MOHAN,Independent,Scissors
Sholinghur,1,A.ASHOK KUMAR,Naam Tamilar Katchi,Farmer Carrying Plough
Sholinghur,2,M.GIRIDHARAN,Bahujan Samaj Party,Elephant
Sholinghur,3,A.M.MUNIRATHINAM,Indian National Congress,Hand
Sholinghur,4,G.KAPIL,Tamilaga Vettri Kazhagam,Whistle
Sholinghur,5,K.SARAVANAN,Pattali Makkal Katchi,Mango
Sholinghur,6,SUDHAKAR.K,Tamizhaga Vaazhvurimai Katchi,Camera
Sholinghur,7,S.SENTHILKUMAR,Vanchit Bahujan Aaghadi,Gas cylinder
Sholinghur,8,R.VINOTH,Veerath Thiyagi Viswanathadoss Thozhilalarkal Katchi,Pestle and mortar
Sholinghur,9,A.ANANDAN,Independent,Grapes
Sholinghur,10,S.ILAYARAJA,Independent,Batsman
Sholinghur,11,KAVIYARASAN.SUBIRAMANI,Independent,Rubber stamp
Sholinghur,12,N.GOPALAKRISHNAN,Independent,Truck
Sholinghur,13,V.SADHASIVAM,Independent,T.V. Remote
Sholinghur,14,SANTHANAM.R,Independent,Iron
Sholinghur,15,R.SETHUPATHI,Independent,Scissors
Sholinghur,16,M.DINESH,Independent,Diamond
Sholinghur,17,A.PALANI,Independent,Stapler
Sholinghur,18,N.MANI,Independent,Capsicum
Sholinghur,19,K.MUNISAMY,Independent,Television
Sholinghur,20,V.MUNIRATHINAM,Independent,Bucket
Sholinghur,21,T.RAJENDRAN,Independent,Flute
Sholinghur,22,M.VIJAYAN,Independent,Water melon
Sholinghur,23,V.HEMACHANDIRAN,Independent,Matchbox
Katpadi,1,S. THIRUKKUMARAN,Naam Tamilar Katchi,Farmer Carrying Plough
Katpadi,2,DURAIMURUGAN,Dravida Munnetra Kazhagam,Rising sun
Katpadi,3,J. RAMESH,Bahujan Samaj Party,Elephant
Katpadi,4,V. RAMU,All India Anna Dravida Munnetra Kazhagam,Two leaves
Katpadi,5,INDU .W,Tamil Manila Murpokku Dravida Kazhagam,Ship
Katpadi,6,GANESAN .P,Indhu Dravida Makkal Katchi,Gas cylinder
Katpadi,7,V. CHANDRAN,All India Puratchi Thalaivar Makkal Munnettra Kazhagam,Coconut farm
Katpadi,8,DR M SUDHAKAR,Tamilaga Vettri Kazhagam,Whistle
Katpadi,9,S. BALAJI,Tamil Nadu Ilangyar Katchi,Ring
Katpadi,10,S. RAMAN,Independent,Electric pole
Katpadi,11,SARAVANAN .D,Independent,Jackfruit
Katpadi,12,M. SUTHAKAR,Independent,Gramophone
Katpadi,13,DHANASEKAR,Independent,Bat
Katpadi,14,DHANANCHEZHIYAN,Independent,Diamond
Katpadi,15,D. RAMU,Independent,Peas
Ranipet,1,R. GANDHI,Dravida Munnetra Kazhagam,Rising sun
Ranipet,2,V.M. KARTHIKEYAN,Bharatiya Janata Party,Lotus
Ranipet,3,THAARIKHA SALMAN,Naam Tamilar Katchi,Farmer Carrying Plough
Ranipet,4,J.JENIFERJANET,Bahujan Samaj Party,Elephant
Ranipet,5,THAHIRA,Tamilaga Vettri Kazhagam,Whistle
Ranipet,6,S.MUNISAMY,Anti Corruption Dynamic Party,Ginger
Ranipet,7,N.VISWANATHAN,Tamizhaga Vaazhvurimai Katchi,Camera
Ranipet,8,J. HASSAIN,Independent,Diamond
Ranipet,9,K. SAKTHIVEL NATHAN,Independent,Tea filter
Ranipet,10,N. SUGUMAR,Independent,Frying pan
Ranipet,11,V. SURESH,Independent,Ship
Ranipet,12,V. DHARMENDIRAN,Independent,CCTV Camera
Ranipet,13,A. NARESHKUMAR,Independent,Matchbox
Ranipet,14,J. MOHAN,Independent,Gas cylinder
Ranipet,15,S.JAYAPRAKASH,Independent,Pestle and mortar
Arcot,1,ARCHANA NARASIMMAN,Naam Tamilar Katchi,Farmer Carrying Plough
Arcot,2,J.L.ESWARAPPAN,Dravida Munnetra Kazhagam,Rising sun
Arcot,3,S.M.SUKUMAR,All India Anna Dravida Munnetra Kazhagam,Two leaves
Arcot,4,M.VASANTHAKUMAR,Bahujan Samaj Party,Elephant
Arcot,5,V.GANDHI,Vanchit Bahujan Aaghadi,Diamond
Arcot,6,S.P.SHANMUGAM,Aanaithinthiya Jananayaka Pathukappu Kazhagam,Gas cylinder
Arcot,7,V.SEETHARAMAN,Anti Corruption Dynamic Party,Ship
Arcot,8,G.VIJAY MOHAN,Tamilaga Vettri Kazhagam,Whistle
Arcot,9,P.VENKATESAN,Tamizhaga Vaazhvurimai Katchi,Camera
Arcot,10,R.INDHUMATHI,Independent,Flute
Arcot,11,ESWARAPPAN.M,Independent,Water melon
Arcot,12,V.SHANTHI,Independent,Grapes
Arcot,13,K.MANIKANDAN,Independent,Door bell
Arcot,14,A.VIJAY,Independent,Road roller
Vellore,1,S R K APPU,All India Anna Dravida Munnetra Kazhagam,Two leaves
Vellore,2,P.KARTHIKEYAN,Dravida Munnetra Kazhagam,Rising sun
Vellore,3,A.SONIYA,Naam Tamilar Katchi,Farmer Carrying Plough
Vellore,4,S.M.IRSHAD,Tamizhaga Vaazhvurimai Katchi,Camera
Vellore,5,S.GIRIDHARA PRASAD,Party for the Rights of Other backward Classes,Laptop
Vellore,6,K.MUNIYAPPAN,ALL PENSIONER'S PARTY,Bangles
Vellore,7,K.M.VINAAYAGAM,Viro Ke Vir Indian Party,Gas cylinder
Vellore,8,K.VIMALA,Naam Indiar Party,Spanner
Vellore,9,M.M.VINOTH KANNAN,Tamilaga Vettri Kazhagam,Whistle
Vellore,10,M.VINOTHKUMAR,Anna MGR Dravida Munnetra Kazhagam,Pan
Vellore,11,S.APPU,All India Jananayaka Makkal Kazhagam,Binoculars
Vellore,12,S.MADHAN KUMAR,Independent,CCTV Camera
Vellore,13,S.RAJKAMAL,Independent,Flute
Vellore,14,M.LOGANATHAN,Independent,Bat
Vellore,15,U.VIJAYA KUMAR,Independent,Water melon
Anaikattu,1,A.P.NANDAKUMAR,Dravida Munnetra Kazhagam,Rising sun
Anaikattu,2,M.RAVIKUMAR,Naam Tamilar Katchi,Farmer Carrying Plough
Anaikattu,3,D.VELAZHAGAN,All India Anna Dravida Munnetra Kazhagam,Two leaves
Anaikattu,4,R.SARAVANAN,Namadhu Makkal Katchi,Gas Stove
Anaikattu,5,V.VINOTHKANNA,Tamizhaga Vaazhvurimai Katchi,Camera
Anaikattu,6,V.S.VENKATESH,Aanaithinthiya Jananayaka Pathukappu Kazhagam,Green chilli
Anaikattu,7,R.VELMURUGAN,Tamilaga Vettri Kazhagam,Whistle
Anaikattu,8,P.JAYASEELAN,Puthiya Tamilagam,Gas cylinder
Anaikattu,9,E.SURESH,Independent,Balloon
Anaikattu,10,S.SELVAMOORTHY,Independent,Bat
Anaikattu,11,M.NANDHA KUMAR,Independent,Electric pole
Anaikattu,12,K.MANOHARAN,Independent,Iron
Anaikattu,13,R.RAMESH,Independent,Water tank
Kilvaithinankuppam,1,DR. RAJESWARI. R,Dravida Munnetra Kazhagam,Rising sun
Kilvaithinankuppam,2,KALAIYENTHIRI. R,Naam Tamilar Katchi,Farmer Carrying Plough
Kilvaithinankuppam,3,JEGAN MOORTHY. M,All India Anna Dravida Munnetra Kazhagam,Two leaves
Kilvaithinankuppam,4,ANANDALAI THANGARAJ. M,All India Puratchi Thalaivar Makkal Munnettra Kazhagam,Coconut farm
Kilvaithinankuppam,5,THENRAL KUMAR. E,Tamilaga Vettri Kazhagam,Whistle
Kilvaithinankuppam,6,RAJA. M,Tamizhaga Vaazhvurimai Katchi,Camera
Kilvaithinankuppam,7,KUMARESAN. L,Independent,Bucket
Kilvaithinankuppam,8,SATHISH. A,Independent,Almirah
Kilvaithinankuppam,9,MURUGAN. K.P,Independent,Batsman
Kilvaithinankuppam,10,JAYASHANKAR. J,Independent,Brush
Kilvaithinankuppam,11,JAYA BHARATH. J,Independent,Frying pan
Gudiyattam,1,J.EMALAN,Naam Tamilar Katchi,Farmer Carrying Plough
Gudiyattam,2,PARITHA PURUSHOTHAMAN.G,All India Anna Dravida Munnetra Kazhagam,Two leaves
Gudiyattam,3,K.B.PRADAP,Desiya Murpokku Dravida Kazhagam,Nagara
Gudiyattam,4,T.POOVARASAN,Bahujan Samaj Party,Elephant
Gudiyattam,5,K.ASHA,Puthiya Tamilagam,Gas cylinder
Gudiyattam,6,K.SINDU,Tamilaga Vettri Kazhagam,Whistle
Gudiyattam,7,K.THABITHAL,All India Puratchi Thalaivar Makkal Munnettra Kazhagam,Coconut farm
Gudiyattam,8,SUBAKARAN.A,Independent,Diamond
Gudiyattam,9,M.SUMATHI,Independent,Electric pole
Gudiyattam,10,BHARATH  MATHIRUBAN,Independent,Matchbox
Gudiyattam,11,A.RAJESH,Independent,Bat
Vaniyambadi,1,SUBRAMANI.P,Bahujan Samaj Party,Elephant
Vaniyambadi,2,SENDHIL KUMAR.G,All India Anna Dravida Munnetra Kazhagam,Two leaves
Vaniyambadi,3,MURUGESAN.G,Naam Tamilar Katchi,Farmer Carrying Plough
Vaniyambadi,4,ANBARASU.P,Aanaithinthiya Jananayaka Pathukappu Kazhagam,Gas cylinder
Vaniyambadi,5,SUNDARAMMAL,Makkal Arasial Katchi,Pressure cooker
Vaniyambadi,6,SYED FAROOQ BASHA SSB,Indian Union Muslim League,Ladder
Vaniyambadi,7,SYED BHURHANUDEEN,Tamilaga Vettri Kazhagam,Whistle
Vaniyambadi,8,DEVENDRAN.J,Tamizhaga Vaazhvurimai Katchi,Camera
Vaniyambadi,9,ABDUL WAHID.A,Independent,Coconut farm
Vaniyambadi,10,SRINIVASAN.A,Independent,Mike
Vaniyambadi,11,SELVARAJ.M,Independent,Gift pack
Vaniyambadi,12,NAVEEN.R,Independent,CCTV Camera
Vaniyambadi,13,MANJUNATH.K,Independent,Stumps
Vaniyambadi,14,MANOJ.S,Independent,Laptop
Vaniyambadi,15,RAJESH.T,Independent,Ship
Ambur,1,AFSHIA NASRIN. S,Naam Tamilar Katchi,Farmer Carrying Plough
Ambur,2,WAZEER AHMED. J,Bahujan Samaj Party,Elephant
Ambur,3,VILWANATHAN. A.C.,Dravida Munnetra Kazhagam,Rising sun
Ambur,4,VENKATESAN. R,All India Anna Dravida Munnetra Kazhagam,Two leaves
Ambur,5,ASADULLAH. B,Indian National League,Camera
Ambur,6,IMTHIYAZ PANDARATTUDU ABDU,Tamilaga Vettri Kazhagam,Whistle
Ambur,7,KAREEM BASHA. A,All India Majlis-E-Inquilab-E-Millat,Ship
Ambur,8,GOVINDHAN. A,All India Youth Development Party,Ring
Ambur,9,SASI REKA. Y,Makkal Arasial Katchi,Pressure cooker
Ambur,10,HAROON RASHEED BADU,All India Puratchi Thalaivar Makkal Munnettra Kazhagam,Coconut farm
Ambur,11,KUMARAVEL. P,Independent,Diamond
Ambur,12,FIRDOSE AHMED. M,Independent,Gas cylinder
Ambur,13,MUSHTAQ AHMED KUTLAPPAI,Independent,Bat
Ambur,14,VISWANATHAN. J,Independent,Pen nib with seven rays
Ambur,15,VENKATESAN. M,Independent,Peas
Ambur,16,SRINATH,Independent,Laptop
Jolarpet,1,KAVITHADHANDAPANI,Dravida Munnetra Kazhagam,Rising sun
Jolarpet,2,SASIREKHA K,Naam Tamilar Katchi,Farmer Carrying Plough
Jolarpet,3,SIVAKUMAR V C,Bahujan Samaj Party,Elephant
Jolarpet,4,VEERAMANI K.C.,All India Anna Dravida Munnetra Kazhagam,Two leaves
Jolarpet,5,KALASTHIRI S,All India Uzhavargal Uzhaippalargal Katchi,Coconut farm
Jolarpet,6,KRISHNAMOORTHY D,Makkal Nala Kazhagam,Ring
Jolarpet,7,SANKAR T.K,Tamizhaga Vaazhvurimai Katchi,Camera
Jolarpet,8,SASI REKA Y,Makkal Arasial Katchi,Pressure cooker
Jolarpet,9,SENTHAMILSELVAN M,Naadaalum Makkal Katchi,Pen nib with seven rays
Jolarpet,10,MUNISAMY C,Tamilaga Vettri Kazhagam,Whistle
Jolarpet,11,KAVITHA C,Independent,Computer
Jolarpet,12,KAVITHA T,Independent,Bat
Jolarpet,13,KAMATCHI S,Independent,Jackfruit
Jolarpet,14,CHENRAYAN A,Independent,Mike
Jolarpet,15,CHENNA KESAVAN C,Independent,Diamond
Jolarpet,16,THANGARAJ P,Independent,Gas cylinder
Jolarpet,17,PRIYA K,Independent,Ship
Jolarpet,18,MOHANRAJ R,Independent,Bricks
Jolarpet,19,VEERAMANI H,Independent,Air conditioner
Tirupathur,1,ARUMUGAM. V,Naam Tamilar Katchi,Farmer Carrying Plough
Tirupathur,2,NALLATHAMBI. A,Dravida Munnetra Kazhagam,Rising sun
Tirupathur,3,RAJIV GANDHI. S,Bahujan Samaj Party,Elephant
Tirupathur,4,KALASTHIRI. S,All India Uzhavargal Uzhaippalargal Katchi,Coconut farm
Tirupathur,5,SATHIYAMOORTHY. S,Makkal Nala Kazhagam,Bead necklace
Tirupathur,6,SEKAR. N,All India Youth Development Party,Diamond
Tirupathur,7,GNANASEKAR. A,Amma Makkal Munnettra Kazagam,Pressure cooker
Tirupathur,8,DR.THIRUPATHI. N,Tamilaga Vettri Kazhagam,Whistle
Tirupathur,9,RAJESH. S,Tamizhaga Vaazhvurimai Katchi,Camera
Tirupathur,10,VIJAYAKUMAR. G,Aanaithinthiya Jananayaka Pathukappu Kazhagam,Gas cylinder
Tirupathur,11,ANJALI. M,Independent,Almirah
Tirupathur,12,GOVIND. T.G,Independent,Ludo
Tirupathur,13,SANKAR. S,Independent,Battery Torch
Tirupathur,14,GNANASEKARAN. M,Independent,Balloon
Tirupathur,15,GNANASEKARAN. R,Independent,Chain
Tirupathur,16,THIRUPATHI. C,Independent,Wheel barrow
Tirupathur,17,THIRUPATHI. S,Independent,Road roller
Tirupathur,18,THIRUPATHI. N,Independent,Bucket
Tirupathur,19,NALLATHAMBI. R,Independent,Matchbox
Tirupathur,20,BALABHARATHI. S.V,Independent,Mike
Tirupathur,21,DR.POOVALAGI. P,Independent,Ship
Tirupathur,22,MOHAN RAJ. R,Independent,Bat
Tirupathur,23,RAGUJOSEPH. J,Independent,Violin
Tirupathur,24,VENKATESAN. K,Independent,Ring
Uthangarai,1,R KUPPUSAMY,Indian National Congress,Hand
Uthangarai,2,T M  TAMILSELVAM,All India Anna Dravida Munnetra Kazhagam,Two leaves
Uthangarai,3,MEKALA,Naam Tamilar Katchi,Farmer Carrying Plough
Uthangarai,4,N ELAIYARAJA,Tamilaga Vettri Kazhagam,Whistle
Uthangarai,5,K THAVARAJ,Tamizhaga Vaazhvurimai Katchi,Camera
Uthangarai,6,PALANI R,Thakkam Katchi,Matchbox
Uthangarai,7,RAMESHWARI,Bharat Jan Chikitsa Party,Stethoscope
Uthangarai,8,VIJIYAL,Aanaithinthiya Jananayaka Pathukappu Kazhagam,Gas cylinder
Uthangarai,9,KUMARAVEL,Independent,Mike
Uthangarai,10,A SAMRAJ,Independent,Laptop
Uthangarai,11,TAMILMANI,Independent,Coconut farm
Uthangarai,12,BAKKIYARAJ R,Independent,Bat
Uthangarai,13,MUNIRAJ,Independent,Carrom board
Bargur,1,KAVINKUMAR. S,Naam Tamilar Katchi,Farmer Carrying Plough
Bargur,2,E.C. GOVINDARASAN,All India Anna Dravida Munnetra Kazhagam,Two leaves
Bargur,3,D. SIVASANKARAN,Bahujan Samaj Party,Elephant
Bargur,4,D. MATHIAZHAGAN,Dravida Munnetra Kazhagam,Rising sun
Bargur,5,S. ALBERT FRANCIS XAVIER,Tamizhaga Vaazhvurimai Katchi,Camera
Bargur,6,A. SUDHAKAR,Republican Party of India (Athawale),Ganna kisan
Bargur,7,M. NEDUNCHEZLIAN,Periyar Ambedkar Munnetra Kazhagam (PAMK),Telephone
Bargur,8,MANI. K,All India Youth Development Party,Pen nib with seven rays
Bargur,9,E. MURALIDHARAN,Tamilaga Vettri Kazhagam,Whistle
Bargur,10,K. ANNADURAI,Independent,Gas cylinder
Bargur,11,ANITHA MAYAPERUMAL,Independent,Ship
Bargur,12,D. GOVINDARAJAN,Independent,Jackfruit
Bargur,13,E.C. GOVINDARAJE,Independent,Electric pole
Bargur,14,S. SASIKUMAR,Independent,Laptop
Bargur,15,MATHESH. R,Independent,Mike
Krishnagiri,1,ASHOKKUMAR.K,All India Anna Dravida Munnetra Kazhagam,Two leaves
Krishnagiri,2,SIVAKUMAR.S,Bahujan Samaj Party,Elephant
Krishnagiri,3,SUGANTHI,Naam Tamilar Katchi,Farmer Carrying Plough
Krishnagiri,4,CHELLAKUMAR.A,Indian National Congress,Hand
Krishnagiri,5,SINGARAVELAN VISWANATHAN,Vishwa Tamil Kazhagam,Ring
Krishnagiri,6,MANGAMMAL,Tamilar Makkal Katchi,Well
Krishnagiri,7,MUKUNDHAN.P,Tamilaga Vettri Kazhagam,Whistle
Krishnagiri,8,MUTHULAKSHMI VEERAPPAN,Tamizhaga Vaazhvurimai Katchi,Camera
Krishnagiri,9,ADVOCATE.MUTHAIAH.S.,Thakkam Katchi,Matchbox
Krishnagiri,10,KUMARESAN.M,Independent,Bat
Krishnagiri,11,CHANDRAMOHAN.K.M.,Independent,Gas cylinder
Krishnagiri,12,SIVAN.C,Independent,Television
Krishnagiri,13,SRINIVASAN.K,Independent,Coconut farm
Krishnagiri,14,NANJUNDAN.M,Independent,Electric pole
Krishnagiri,15,VENKATESHRAJA.E,Independent,Bucket
Veppanahalli,1,SRINIVASAN.P.S,Dravida Munnetra Kazhagam,Rising sun
Veppanahalli,2,NAGARAJ.R,Naam Tamilar Katchi,Farmer Carrying Plough
Veppanahalli,3,MUNUSAMY.K.P,All India Anna Dravida Munnetra Kazhagam,Two leaves
Veppanahalli,4,IYAPPAN.L,Tamizhaga Vaazhvurimai Katchi,Camera
Veppanahalli,5,SAMPANGI.S.R,Tamilaga Vettri Kazhagam,Whistle
Veppanahalli,6,SENTHILKUMAR.R,Tamil Nadu Ilangyar Katchi,Football player
Veppanahalli,7,PRAJAPATHI VIJAY.C,Tamilar Makkal Katchi,Well
Veppanahalli,8,ESHWARAN.C,Independent,Gas cylinder
Veppanahalli,9,GOVINDARAJ.G.J,Independent,Tiller
Veppanahalli,10,MANOHARAN.K.A,Independent,Sitar
Veppanahalli,11,YUVARAJ.K.P.U,Independent,Road roller
Veppanahalli,12,RAMASAMY.G.C,Independent,Television
Veppanahalli,13,VENKATESAN.C,Independent,Diamond
Hosur,1,SATHYA.S.A.,Dravida Munnetra Kazhagam,Rising sun
Hosur,2,BALAKRISHNAREDDY. P,All India Anna Dravida Munnetra Kazhagam,Two leaves
Hosur,3,STALIN.R,Naam Tamilar Katchi,Farmer Carrying Plough
Hosur,4,SURYA. Y,Republican Party of India (Athawale),Ganna kisan
Hosur,5,PONNUMANI.R,Tamilar Makkal Katchi,Well
Hosur,6,VENDARKARASAN.S,Tamilaga Vettri Kazhagam,Whistle
Hosur,7,GANESH.M,Independent,Gas cylinder
Hosur,8,DR.SHANMUGAM.A.R.,Independent,Chappals
Hosur,9,DEVAPPA.Y,Independent,Jackfruit
Hosur,10,PATTABIRAMA. C,Independent,Camera
Hosur,11,MASOOD.S,Independent,Battery Torch
Hosur,12,MARIYA FRANCIS.S,Independent,Television
Hosur,13,RAJENDRAN.P,Independent,Coconut farm
Thalli,1,RAMACHANDRAN. T,Communist Party of India,Ears of corn and sickle
Thalli,2,NARASIMMA REDDY ALIAS NARASIMMAN. R,Naam Tamilar Katchi,Farmer Carrying Plough
Thalli,3,DR.NAGESH KUMAR. C,Bharatiya Janata Party,Lotus
Thalli,4,AJITH. G,Tamizhaga Vaazhvurimai Katchi,Camera
Thalli,5,SURESH. G,Tamilaga Vettri Kazhagam,Whistle
Thalli,6,JAYARAM. N,Anna Makkal Katchi,Coconut farm
Thalli,7,ASANRAJA. K,Independent,Ring
Thalli,8,KUMAR. D.J,Independent,Bucket
Thalli,9,DEVAPPA. Y,Independent,Jackfruit
Thalli,10,JAGAN. M,Independent,Computer
Palacode,1,ANBALAGAN. K.P.,All India Anna Dravida Munnetra Kazhagam,Two leaves
Palacode,2,DR. DNV SENTHILKUMAR. S.,Dravida Munnetra Kazhagam,Rising sun
Palacode,3,BOOPATHI. R.,Naam Tamilar Katchi,Farmer Carrying Plough
Palacode,4,GOPI. R.,Tamilaga Vettri Kazhagam,Whistle
Palacode,5,PALANIYAMMAL. M.,Tamilar Makkal Katchi,Well
Palacode,6,RAMESH. P.,Naadaalum Makkal Katchi,Pen nib with seven rays
Palacode,7,JAYARAMAN PERUMAL. P.,Tamizhaga Vaazhvurimai Katchi,Camera
Palacode,8,KRISHNAN. L.,Independent,Dish antenna
Palacode,9,CHINNASAMY. N.,Independent,Gas cylinder
Palacode,10,SENTHILKUMAR. G.,Independent,Diamond
Palacode,11,SENTHILKUMAR. K,Independent,Flute
Palacode,12,PERUMAL MUNUSAMY. M.,Independent,Ship
Palacode,13,MADHAPPAN. P.,Independent,Mixee
Palacode,14,RAMAN. M.,Independent,Electric pole
Pennagaram,1,AJITH KUMAR. S.,Bahujan Samaj Party,Elephant
Pennagaram,2,G. K. M. TAMILKUMARAN,Indian National Congress,Hand
Pennagaram,3,PALANIYAMMAL. T.,Naam Tamilar Katchi,Farmer Carrying Plough
Pennagaram,4,KANNAN. K.,Tamilar Makkal Katchi,Well
Pennagaram,5,GAJENDRAN. S.,Tamilaga Vettri Kazhagam,Whistle
Pennagaram,6,SELVAM. V.,Pattali Makkal Katchi,Mango
Pennagaram,7,THAVAMANI. C.,Tamizhaga Vaazhvurimai Katchi,Camera
Pennagaram,8,THIRUMURUGAN. P.,Naadaalum Makkal Katchi,Pen nib with seven rays
Pennagaram,9,ANNAMALAI. M.,Independent,Diamond
Pennagaram,10,ARUNKUMAR. G.,Independent,Binoculars
Pennagaram,11,ELAVARSAN. A.,Independent,Bricks
Pennagaram,12,SAKTHIVEL. M.,Independent,Gas cylinder
Pennagaram,13,SELVAM. V.,Independent,Batsman
Pennagaram,14,SENDRAYAN. G.,Independent,Box
Pennagaram,15,GNANASELVAM. S.,Independent,Swing
Pennagaram,16,TAMILARASAN. M.,Independent,Neck tie
Pennagaram,17,TAMILSELVI. S.,Independent,Matchbox
Pennagaram,18,POOMANI. P.,Independent,Ship
Pennagaram,19,MANIVANNAN. S.,Independent,Road roller
Pennagaram,20,MANOHARAN. K. A.,Independent,Sitar
Pennagaram,21,VILKRISHNAN. R.,Independent,Scissors
Pennagaram,22,VEERAPPAN. M.,Independent,Refrigerator
Dharmapuri,1,DR. ELANGOVAN. V.,Desiya Murpokku Dravida Kazhagam,Nagara
Dharmapuri,2,SHANTHALAKSHMI. K.,Naam Tamilar Katchi,Farmer Carrying Plough
Dharmapuri,3,SARAVANAN. A.,Aanaithinthiya Jananayaka Pathukappu Kazhagam,Gas cylinder
Dharmapuri,4,SIVAGAMI. G.,Tamilar Makkal Katchi,Water tank
Dharmapuri,5,SIVAN. M.,Tamilaga Vettri Kazhagam,Whistle
Dharmapuri,6,SOWMIYA ANBUMANI,Pattali Makkal Katchi,Mango
Dharmapuri,7,PRASANTH. DBJ.,Tamizhaga Vaazhvurimai Katchi,Camera
Dharmapuri,8,MANIKANDAN. S.,Vishwa Tamil Kazhagam,Ring
Dharmapuri,9,MADHU. P.,Naadaalum Makkal Katchi,Pen nib with seven rays
Dharmapuri,10,ARUMUGAM. MUNI.,Independent,Chappals
Dharmapuri,11,KUMAR. V.,Independent,Bricks
Dharmapuri,12,SARAVANAN. G.,Independent,Noodles bowl
Dharmapuri,13,SIVAM. R.,Independent,Frying pan
Dharmapuri,14,SIVAN. A.,Independent,Sitar
Dharmapuri,15,SUNDARAMOORTHY. M.,Independent,Gas Stove
Dharmapuri,16,THIRUPATHI. M.,Independent,Ludo
Dharmapuri,17,NAGARAJAN. D.,Independent,Well
Dharmapuri,18,PALANI. K.,Independent,Television
Dharmapuri,19,PRABHAKARAN. M.,Independent,Capsicum
Pappireddipatti,1,ARCHANA TAMILARUVI,Naam Tamilar Katchi,Farmer Carrying Plough
Pappireddipatti,2,PALANIAPPAN. P,Dravida Munnetra Kazhagam,Rising sun
Pappireddipatti,3,MARAGATHAM VETRIVEL,All India Anna Dravida Munnetra Kazhagam,Two leaves
Pappireddipatti,4,GANESAN. S,Vishwa Tamil Kazhagam,Ring
Pappireddipatti,5,CHENNAKRISHNAN. V,All India Puratchi Thalaivar Makkal Munnettra Kazhagam,Coconut farm
Pappireddipatti,6,THILAGAVATHI. S,Tamilaga Vettri Kazhagam,Whistle
Pappireddipatti,7,POOVARASU,Tamilar Makkal Katchi,Well
Pappireddipatti,8,JAMUNARANI. M,Naadaalum Makkal Katchi,Pen nib with seven rays
Pappireddipatti,9,SATHISH. S,Independent,Batsman
Pappireddipatti,10,CHINNASAMY. P,Independent,Bucket
Pappireddipatti,11,TAMILRAJ. K,Independent,Gas cylinder
Pappireddipatti,12,PALANIAPPAN. R,Independent,Diamond
Pappireddipatti,13,MURUGAN. S,Independent,Bead necklace
Pappireddipatti,14,MOORTHI. P,Independent,Door bell
Harur,1,ANITHA. A,Naam Tamilar Katchi,Farmer Carrying Plough
Harur,2,SHANMUGAM. A,Dravida Munnetra Kazhagam,Rising sun
Harur,3,SAMPATHKUMAR. V,All India Anna Dravida Munnetra Kazhagam,Two leaves
Harur,4,NEHRU. G,Bahujan Samaj Party,Elephant
Harur,5,KARUTHAMMAL. S,Naadaalum Makkal Katchi,Pen nib with seven rays
Harur,6,KUPPURAJ. K,Tamilar Makkal Katchi,Well
Harur,7,MANILA. S,Tamizhaga Vaazhvurimai Katchi,Camera
Harur,8,MARIKANNU. C,Republican Party of India (Athawale),Ganna kisan
Harur,9,RAKESH. K,Tamilaga Vettri Kazhagam,Whistle
Harur,10,VENKATESH (A) DR. V.K. SWAMY,Bharat Jan Chikitsa Party,Stethoscope
Harur,11,SAMPATH. K,Independent,Cauliflower
Harur,12,SAMPATH. C,Independent,Jackfruit
Harur,13,THANGAVEL. K,Independent,Telephone
Harur,14,PARTHIPAN. P,Independent,Gas cylinder
Chengam,1,M.P.GIRI,Dravida Munnetra Kazhagam,Rising sun
Chengam,2,S.VELU,All India Anna Dravida Munnetra Kazhagam,Two leaves
Chengam,3,J.SHOBA,Naam Tamilar Katchi,Farmer Carrying Plough
Chengam,4,C SELVAN,Republican Party of India (Athawale),Ganna kisan
Chengam,5,K BHARATHIDHASAN,Tamilaga Vettri Kazhagam,Whistle
Chengam,6,K MANIKANDAN,Makkal Sananayaga Kudiyarasu Katchi,T.V. Remote
Chengam,7,C.MALATHI,Tamizhaga Vaazhvurimai Katchi,Camera
Chengam,8,A.CHIDAMBARAM,Independent,Sitar
Chengam,9,P.SELVAM,Independent,Gas cylinder
Chengam,10,D DHILIPKUMAR,Independent,Scissors
Chengam,11,A.BHARATHI,Independent,Tea filter
Chengam,12,A POONGODI,Independent,Bricks
Chengam,13,M.MUGILARASAN,Independent,Rubber stamp
Chengam,14,M.RAMAN MASILAMANI,Independent,Room cooler
Chengam,15,K.VELU,Independent,Binoculars
Tiruvannamalai,1,ELUMALAI. C,Bharatiya Janata Party,Lotus
Tiruvannamalai,2,RAJ. S,Bahujan Samaj Party,Elephant
Tiruvannamalai,3,VIGNESH. S,Naam Tamilar Katchi,Farmer Carrying Plough
Tiruvannamalai,4,VELU. E.V,Dravida Munnetra Kazhagam,Rising sun
Tiruvannamalai,5,ARUL ARUMUGAM,Tamilaga Vettri Kazhagam,Whistle
Tiruvannamalai,6,KANNAN. P,Veerath Thiyagi Viswanathadoss Thozhilalarkal Katchi,Pestle and mortar
Tiruvannamalai,7,NAKKIRAN. A,Thamizhaka Padaippalar Makkal Katchi,Drill machine
Tiruvannamalai,8,BENNY RAJAN. C.J,Republican Party of India (Athawale),Ganna kisan
Tiruvannamalai,9,MALLI. S,Tamizhaga Vaazhvurimai Katchi,Camera
Tiruvannamalai,10,VIJAYAKUMAR. S,Naadaalum Makkal Katchi,Pen nib with seven rays
Tiruvannamalai,11,VELU. V,Anti Corruption Dynamic Party,Jackfruit
Tiruvannamalai,12,ARUL. K,Independent,Tea filter
Tiruvannamalai,13,ARUL ANAND. V,Independent,Kettle
Tiruvannamalai,14,ANBALAGAN. M,Independent,Belt
Tiruvannamalai,15,ADHITHYA PALANISAMY. A,Independent,Helmet
Tiruvannamalai,16,ANANTH. A. M,Independent,Dish antenna
Tiruvannamalai,17,ELUMALAI. A S/O ARUMUGAM,Independent,Electric pole
Tiruvannamalai,18,ELUMALAI. C  S/O CHINNAKUZHANTHAI,Independent,Cauliflower
Tiruvannamalai,19,ELUMALAI. C S/O CHINNARASU,Independent,Frock
Tiruvannamalai,20,KOTHANDAPANI. B,Independent,Scissors
Tiruvannamalai,21,SALAM .M,Independent,Diamond
Tiruvannamalai,22,PALANI. N,Independent,Television
Tiruvannamalai,23,MAHESWARI. R,Independent,Chess board
Tiruvannamalai,24,MARIKKANNU. E,Independent,Funnel
Tiruvannamalai,25,MOORTHY. P,Independent,Bat
Tiruvannamalai,26,RAMESH. V,Independent,Pressure cooker
Tiruvannamalai,27,RAJA. V,Independent,Coconut farm
Tiruvannamalai,28,VIGNESH. M,Independent,Immersion rod
Tiruvannamalai,29,VENKATESAN. M,Independent,Brush
Tiruvannamalai,30,VELU. K,Independent,Bench
Kilpennathur,1,RAMACHANDRAN.S,All India Anna Dravida Munnetra Kazhagam,Two leaves
Kilpennathur,2,PITCHANDI.K,Dravida Munnetra Kazhagam,Rising sun
Kilpennathur,3,LOGANATHAN.V,Naam Tamilar Katchi,Farmer Carrying Plough
Kilpennathur,4,SHANMUGAM.A,Thamizhaka Padaippalar Makkal Katchi,Drill machine
Kilpennathur,5,RAJASEKAR.P,Tamizhaga Vaazhvurimai Katchi,Camera
Kilpennathur,6,RAJA.D,Tamilaga Vettri Kazhagam,Whistle
Kilpennathur,7,LOKESHWARAN.R,Anti Corruption Dynamic Party,Water melon
Kilpennathur,8,JANAKIRAMAN.R,Aanaithinthiya Jananayaka Pathukappu Kazhagam,Gas cylinder
Kilpennathur,9,ATHIYAMAAN.M,Independent,Batsman
Kilpennathur,10,RAMACHANDRAN.K,Independent,Cauliflower
Kilpennathur,11,SASIKUMAR.S,Independent,Balloon
Kilpennathur,12,SANTHOSHKUMAR.E,Independent,Cot
Kilpennathur,13,SAMPATHRAJ.M,Independent,Capsicum
Kilpennathur,14,SURYAPRAKASH.S,Independent,Tennis racket & ball
Kilpennathur,15,DHILIPKUMAR.D,Independent,Scissors
Kilpennathur,16,PICHANDI.D,Independent,Bread
Kilpennathur,17,PICHANDI.R,Independent,Carrom board
Kilpennathur,18,PICHANDI.V,Independent,Tiller
Kilpennathur,19,MURUGAN.M,Independent,T.V. Remote
Kilpennathur,20,RAMACHANDRAN.K,Independent,Gas Stove
Kilpennathur,21,RAMACHANDIRAN.R,Independent,Cake
Kilpennathur,22,RAJASEKAR.I,Independent,Road roller
Kilpennathur,23,RAJKUMAR.R,Independent,Diamond
Kalasapakkam,1,AGRI KRISHNAMURTHY. S S,All India Anna Dravida Munnetra Kazhagam,Two leaves
Kalasapakkam,2,SARAVANAN. P.S.T,Dravida Munnetra Kazhagam,Rising sun
Kalasapakkam,3,SEETHA SIVANANDAM. P,Naam Tamilar Katchi,Farmer Carrying Plough
Kalasapakkam,4,ELUMALAI. P,Tamilaga Vettri Kazhagam,Whistle
Kalasapakkam,5,SATHYA. V,Naadaalum Makkal Katchi,Pen nib with seven rays
Kalasapakkam,6,SARAVANAN. V,Tamizhaga Vaazhvurimai Katchi,Camera
Kalasapakkam,7,SUMAN. M,Aanaithinthiya Jananayaka Pathukappu Kazhagam,Gas cylinder
Kalasapakkam,8,ELUMALAI. S,Independent,Electric pole
Kalasapakkam,9,ELUMALAI. T,Independent,Bucket
Kalasapakkam,10,KAMARAJ. G,Independent,Pressure cooker
Kalasapakkam,11,KRISHNAMURTHY. S,Independent,Noodles bowl
Kalasapakkam,12,KRISHNAMURTHY. M,Independent,Peanuts
Kalasapakkam,13,KRISHNAMURTHY. R,Independent,Peas
Kalasapakkam,14,KOTHANDAPANI. B,Independent,Scissors
Kalasapakkam,15,SARAVANAN. K,Independent,Air conditioner
Kalasapakkam,16,SANTHAKUMARAN. A,Independent,Cot
Kalasapakkam,17,DEIVEEGAN. P,Independent,Almirah
Kalasapakkam,18,BALAJI. P,Independent,Water tank
Kalasapakkam,19,BASKARAN. R,Independent,Well
Kalasapakkam,20,MANIKANDAN. K,Independent,Jackfruit
Kalasapakkam,21,RAJA. N,Independent,Lady finger
Polur,1,UMADEVI. A,Naam Tamilar Katchi,Farmer Carrying Plough
Polur,2,SARAVANAN. P,Desiya Murpokku Dravida Kazhagam,Nagara
Polur,3,ABISHEK. R,Tamilaga Vettri Kazhagam,Whistle
Polur,4,SHANMUGAVELU. A,Veerath Thiyagi Viswanathadoss Thozhilalarkal Katchi,Pestle and mortar
Polur,5,SYED MUKRAM. R. N,Tamizhaga Vaazhvurimai Katchi,Camera
Polur,6,DHAVAMANI. P,Anti Corruption Dynamic Party,Jackfruit
Polur,7,BANUPRIYA. D,Republican Party of India (Athawale),Ganna kisan
Polur,8,BASKARAN. C. R,Pattali Makkal Katchi,Mango
Polur,9,MANIKANDAN. R,Aanaithinthiya Jananayaka Pathukappu Kazhagam,Gas cylinder
Polur,10,EZHIL ARASU. M M.A. L.L.M.,Independent,Scissors
Polur,11,SARAVANAN. P,Independent,Noodles bowl
Polur,12,SARAVANAN. M,Independent,Pan
Polur,13,SUBHA. A,Independent,Diamond
Polur,14,BASKARAN. C,Independent,Water melon
Polur,15,PURUSOTHAMAN. M,Independent,Television
Arani,1,DHAVAMANI. R,Naam Tamilar Katchi,Farmer Carrying Plough
Arani,2,MAHALAKSHMI GOVARTHANAN,Dravida Munnetra Kazhagam,Rising sun
Arani,3,JAYASUDHA. L,All India Anna Dravida Munnetra Kazhagam,Two leaves
Arani,4,GANAPATHY. S,Thamizhaka Padaippalar Makkal Katchi,Drill machine
Arani,5,KALAIMANI. V,Aanaithinthiya Jananayaka Pathukappu Kazhagam,Gas cylinder
Arani,6,SURESH. S,Tamizhaga Vaazhvurimai Katchi,Camera
Arani,7,SELVAKOTTI. E,Veerath Thiyagi Viswanathadoss Thozhilalarkal Katchi,Pestle and mortar
Arani,8,TAMILMANNAN. D,Samaniya Makkal Nala Katchi,Walking stick
Arani,9,VENKATESH KUMAR. D,Tamilaga Vettri Kazhagam,Whistle
Arani,10,AMMU. V,Independent,Scissors
Arani,11,EKAMBARAM. V,Independent,CCTV Camera
Arani,12,SAKTHIVEL. S,Independent,Petrol pump
Arani,13,SARAVANAN. S,Independent,Sitar
Arani,14,SILAMBARASAN. C,Independent,Electric pole
Arani,15,SUDHA. S,Independent,Pressure cooker
Arani,16,SETHURAMA SASTHRI. G,Independent,Bucket
Arani,17,DHAMOTHARAN. M,Independent,Peas
Arani,18,BASKARAN. S,Independent,Envelope
Arani,19,MAHALAKSHMI. G,Independent,Battery Torch
Arani,20,MAHALAKSHMI. G,Independent,Capsicum
Arani,21,VINOTH. A,Independent,Grapes
Arani,22,VENKATESAN. P,Independent,Frying pan
Arani,23,JAYANTHI. E,Independent,Tiller
Arani,24,JAYANTHI. M,Independent,Lady finger
Cheyyar,1,TAMILSELVAN. M,Naam Tamilar Katchi,Farmer Carrying Plough
Cheyyar,2,MUKKUR N. SUBRAMANIAN,All India Anna Dravida Munnetra Kazhagam,Two leaves
Cheyyar,3,JOTHI. O,Dravida Munnetra Kazhagam,Rising sun
Cheyyar,4,KUTTIMANI. S,Veerath Thiyagi Viswanathadoss Thozhilalarkal Katchi,Pestle and mortar
Cheyyar,5,CHANDRASEKARAN. M,All India Jananayaka Makkal Kazhagam,Mixee
Cheyyar,6,SRINIVASAN. K,Aanaithinthiya Jananayaka Pathukappu Kazhagam,Gas cylinder
Cheyyar,7,DURUGAN. M,Vanchit Bahujan Aaghadi,Diamond
Cheyyar,8,DUSI K MOHAN,Tamilaga Vettri Kazhagam,Whistle
Cheyyar,9,PALANI. M,Tamizhaga Vaazhvurimai Katchi,Camera
Cheyyar,10,RAGUPATHI. S,Anti Corruption Dynamic Party,Water melon
Cheyyar,11,VENKATESAN. V,Anaithindia Samudaya Munnetra Kazhagam,Tooth brush
Cheyyar,12,ARJUNAN. M,Independent,Scissors
Cheyyar,13,MOHAN. R,Independent,Carrom board
Vandavasi,1,AMBETHKUMAR. S,Dravida Munnetra Kazhagam,Rising sun
Vandavasi,2,GANESH. R,Naam Tamilar Katchi,Farmer Carrying Plough
Vandavasi,3,RANI. P,All India Anna Dravida Munnetra Kazhagam,Two leaves
Vandavasi,4,UDHAYAKUMAR. M,Tamilaga Vettri Kazhagam,Whistle
Vandavasi,5,THAMARAI SELVI. S,Tamizhaga Vaazhvurimai Katchi,Camera
Vandavasi,6,MUTHUSELVAM. V,Anti Corruption Dynamic Party,Tiller
Vandavasi,7,MUTHUPERUMAL. K,Aanaithinthiya Jananayaka Pathukappu Kazhagam,Gas cylinder
Vandavasi,8,RAKESH SHARMA. R,Thakkam Katchi,Matchbox
Vandavasi,9,AMBEDKAR. T,Independent,Carrom board
Vandavasi,10,ARJUNAN. M,Independent,Scissors
Vandavasi,11,UDHAYAKUMAR. N,Independent,Tooth brush
Vandavasi,12,KANNIYAPPAN. S,Independent,Saw
Vandavasi,13,PONNAMBALAM. P,Independent,Gas Stove
Vandavasi,14,RANI. A,Independent,Peas
Vandavasi,15,JAISANKAR. M,Independent,Pressure cooker
Gingee,1,ADVOCATE KRISHNAN E,Naam Tamilar Katchi,Farmer Carrying Plough
Gingee,2,GINGEE MASTHAN K S,Dravida Munnetra Kazhagam,Rising sun
Gingee,3,RANGARAJAN E,Bahujan Samaj Party,Elephant
Gingee,4,RASANAYAGAM N,Tamizhaga Vaazhvurimai Katchi,Camera
Gingee,5,GANESHKUMAR A,Pattali Makkal Katchi,Mango
Gingee,6,SAKTHIVEL A,Thakkam Katchi,Matchbox
Gingee,7,CHANDRASEKARAN B,Tamilaga Vettri Kazhagam,Whistle
Gingee,8,THANIGAIMALAI R,Anti Corruption Dynamic Party,Tiller
Gingee,9,PERUMAL N,Aanaithinthiya Jananayaka Pathukappu Kazhagam,Gas cylinder
Gingee,10,MOHAMMAD SIDDIQ M H,Veerath Thiyagi Viswanathadoss Thozhilalarkal Katchi,Pestle and mortar
Gingee,11,GOKULRAJ S,Independent,Grapes
Gingee,12,DEVENDIRAN M,Independent,Tyres
Gingee,13,BANUKUMAR R,Independent,Bucket
Gingee,14,PRABAKARAN M,Independent,Water melon
Gingee,15,POYYATHAPPAN K,Independent,Gramophone
Gingee,16,MUNUSAMY A,Independent,Television
Gingee,17,MOHAN A,Independent,Balloon
Gingee,18,RAMESH R,Independent,Ship
Gingee,19,SRIDHAR G,Independent,Capsicum
Mailam,1,SHANMUGAM C VE,All India Anna Dravida Munnetra Kazhagam,Two leaves
Mailam,2,RANJITH KUMAR  M,Bahujan Samaj Party,Elephant
Mailam,3,VIDJAIVIKRAM S,Naam Tamilar Katchi,Farmer Carrying Plough
Mailam,4,VENKATESAN L,Desiya Murpokku Dravida Kazhagam,Nagara
Mailam,5,AYYANAR N,Anti Corruption Dynamic Party,Jackfruit
Mailam,6,ANANDHABABU M,Tamizhaga Vaazhvurimai Katchi,Camera
Mailam,7,SURESH KUMAR S,Indhia Kudiarasu Katchi,Gas cylinder
Mailam,8,SEKAR NAYAKAR I M,All India Puratchi Thalaivar Makkal Munnettra Kazhagam,Coconut farm
Mailam,9,DIVYA P,Naam Indiar Party,Spanner
Mailam,10,PURUSHOTHAMAN K,Desiya Makkal Sakthi Katchi,Mike
Mailam,11,MANAVALAN A,Anna MGR Dravida Makkal Kalgam,Pan
Mailam,12,VINOTH R,Thakkam Katchi,Matchbox
Mailam,13,VIJAY NIRANJAN A,Tamilaga Vettri Kazhagam,Whistle
Mailam,14,KARVANNAN K,Independent,Electric pole
Mailam,15,KRISHNAMURTHY K,Independent,Diamond
Mailam,16,GOPU V S,Independent,Bat
Mailam,17,SIVA S,Independent,Computer
Mailam,18,SUNDAR C,Independent,Pressure cooker
Mailam,19,TAMIZHARASAN M,Independent,Pen nib with seven rays
Mailam,20,RANJITHA V,Independent,Ship
Mailam,21,VIJAYAGANTH K,Independent,Grapes
Tindivanam,1,ARJUNAN. P,All India Anna Dravida Munnetra Kazhagam,Two leaves
Tindivanam,2,PACHIMUTHU. P,Naam Tamilar Katchi,Farmer Carrying Plough
Tindivanam,3,VANNI ARASU,Viduthalai Chiruthaigal Katchi,Pot
Tindivanam,4,VENKATACHALAPATHY. A,Bahujan Samaj Party,Elephant
Tindivanam,5,SAKTHIVEL. S,Tamilaga Vettri Kazhagam,Whistle
Tindivanam,6,MOHAN. A,MAKKAL SAKTHI KATCHI,Bat
Tindivanam,7,RAMNESHWARAN. V,Thakkam Katchi,Matchbox
Tindivanam,8,VANJINATHAN. C,Tamizhaga Vaazhvurimai Katchi,Camera
Tindivanam,9,CHANDARAN. A,Independent,Ship
Tindivanam,10,DURKALI. N,Independent,Toffees
Tindivanam,11,DEVAKUMARAN. E,Independent,Kettle
Tindivanam,12,PON.SIVAKUMAR,Independent,Gas cylinder
Tindivanam,13,VINOTH. S,Independent,Bucket
Tindivanam,14,VISWANATHAN. S.A,Independent,Diamond
Vanur,1,KARIKALAN B,Naam Tamilar Katchi,Farmer Carrying Plough
Vanur,2,GOWTHAM D,Dravida Munnetra Kazhagam,Rising sun
Vanur,3,MURUGAN P,All India Anna Dravida Munnetra Kazhagam,Two leaves
Vanur,4,VINAYAGAMOORTHY M,Bahujan Samaj Party,Elephant
Vanur,5,ANANDAKUMAR P M,Thakkam Katchi,Matchbox
Vanur,6,SAKTHIVEL S,Tamizhaga Vaazhvurimai Katchi,Camera
Vanur,7,SURESH P,Tamilaga Vettri Kazhagam,Whistle
Vanur,8,AYYANAR E,Independent,Chappals
Vanur,9,SATHYARAMAN P,Independent,Diamond
Vanur,10,SIVAKUMAR R,Independent,Scissors
Vanur,11,SURESH C V,Independent,Bead necklace
Vanur,12,THANGARASU N,Independent,Ship
Vanur,13,MURALI M,Independent,Electric pole
Vanur,14,RADHIKA S,Independent,Balloon
Vanur,15,VETRIVEL G,Independent,Sitar
Viluppuram,1,ABINAYA PONNIVALAVAN,Naam Tamilar Katchi,Farmer Carrying Plough
Viluppuram,2,LAKSHMANAN R,Dravida Munnetra Kazhagam,Rising sun
Viluppuram,3,MURUGAN S,Bahujan Samaj Party,Elephant
Viluppuram,4,VIJAYASURESHBABU,All India Anna Dravida Munnetra Kazhagam,Two leaves
Viluppuram,5,KUMARAN R,Tamizhaga Vaazhvurimai Katchi,Camera
Viluppuram,6,NAGARAJAN P,Veerath Thiyagi Viswanathadoss Thozhilalarkal Katchi,Pestle and mortar
Viluppuram,7,MOHANRAJ N,Tamilaga Vettri Kazhagam,Whistle
Viluppuram,8,AKBAR ALI P,Independent,Electric pole
Viluppuram,9,ARUMUGAM M,Independent,Pen nib with seven rays
Viluppuram,10,RAMAN K,Independent,Balloon
Viluppuram,11,BALAMURUGAN N,Independent,Coconut farm
Viluppuram,12,PRAVEEN KUMAR R,Independent,Gas Stove
Viluppuram,13,MOHAMED ALI JINNA M,Independent,Peas
Viluppuram,14,MOHAN C,Independent,Cauliflower
Viluppuram,15,RAGHUL R,Independent,Battery Torch
Viluppuram,16,RAYAR K,Independent,Air conditioner
Viluppuram,17,RAJKUMAR S,Independent,Pressure cooker
Viluppuram,18,LAKSHMANAN R,Independent,Cake
Viluppuram,19,LAKSHMANAN K,Independent,Diamond
Viluppuram,20,LAKSHMANAN R,Independent,Gas cylinder
Viluppuram,21,VIJAYA K,Independent,Mike
Viluppuram,22,VIJAYA D,Independent,Capsicum
Viluppuram,23,VIJAYA M,Independent,Gramophone
Viluppuram,24,VIJAYA M,Independent,Nail cutter
Vikravandi,1,INBARASAN G,Bahujan Samaj Party,Elephant
Vikravandi,2,ANNIYUR SIVA @ SIVASHANMUGAM A,Dravida Munnetra Kazhagam,Rising sun
Vikravandi,3,SUBHA CHANDRASEKARAN A,Naam Tamilar Katchi,Farmer Carrying Plough
Vikravandi,4,SIVAKUMAR C,Pattali Makkal Katchi,Mango
Vikravandi,5,SETTU C,Tamizhaga Vaazhvurimai Katchi,Camera
Vikravandi,6,THAMIZHVENGAI KA,Desiya Makkal Sakthi Katchi,Football player
Vikravandi,7,BACKIYALAKSHMI C,Thakkam Katchi,Matchbox
Vikravandi,8,MOHAMMAD SIDDIQ M H,Veerath Thiyagi Viswanathadoss Thozhilalarkal Katchi,Pestle and mortar
Vikravandi,9,RAMACHANDRAN P,Anti Corruption Dynamic Party,Capsicum
Vikravandi,10,VIJAI VADIVEL A,Tamilaga Vettri Kazhagam,Whistle
Vikravandi,11,STALIN D,Aanaithinthiya Jananayaka Pathukappu Kazhagam,Gas cylinder
Vikravandi,12,YEASURAJA M,Independent,Baby walker
Vikravandi,13,GOKUL RAJ B,Independent,Balloon
Vikravandi,14,SAKTHIVEL A,Independent,Ship
Vikravandi,15,SANMUGAM B,Independent,Diamond
Vikravandi,16,SHANMUGAM P,Independent,Bead necklace
Vikravandi,17,SHANMUGAM R,Independent,Cauliflower
Vikravandi,18,SIVAKUMAR S,Independent,Kettle
Vikravandi,19,SELVAKUMAR S,Independent,Bucket
Vikravandi,20,TAMILSELVAN D,Independent,Grapes
Vikravandi,21,PRABHAKARAN D,Independent,Electric pole
Vikravandi,22,MURUGAN C,Independent,Road roller
Vikravandi,23,RAMACHANDRAN A,Independent,Chappals
Vikravandi,24,RAJARAM M,Independent,CCTV Camera
Tirukkoyilur,1,GOVINDHAKANNAN M,Bahujan Samaj Party,Elephant
Tirukkoyilur,2,DR PON GAUTHAMSIGAMANI,Dravida Munnetra Kazhagam,Rising sun
Tirukkoyilur,3,PALANISAMY S,All India Anna Dravida Munnetra Kazhagam,Two leaves
Tirukkoyilur,4,HEMARAJAN K,Naam Tamilar Katchi,Farmer Carrying Plough
Tirukkoyilur,5,SELVAM K,Veerath Thiyagi Viswanathadoss Thozhilalarkal Katchi,Pestle and mortar
Tirukkoyilur,6,TAMILSELVAM R,Tamizhaga Vaazhvurimai Katchi,Camera
Tirukkoyilur,7,VIJAY R BARANIBALAAJI,Tamilaga Vettri Kazhagam,Whistle
Tirukkoyilur,8,EDWIN ABINESH A,Independent,Bicycle pump
Tirukkoyilur,9,KARTHICK S,Independent,Fountain
Tirukkoyilur,10,GOWTHAM S,Independent,Dish antenna
Tirukkoyilur,11,PALANISAMY E,Independent,Grapes
Tirukkoyilur,12,PRABHAKARAN V J,Independent,Gas cylinder
Tirukkoyilur,13,RAVICHANDRAN G,Independent,Ship
Tirukkoyilur,14,RAMAKRISHNAN M,Independent,Tiller
Tirukkoyilur,15,VIJAYAMOORTHI E,Independent,Chappals
Ulundurpettai,1,KUMARAGURU R,All India Anna Dravida Munnetra Kazhagam,Two leaves
Ulundurpettai,2,LOGESHWARI S,Naam Tamilar Katchi,Farmer Carrying Plough
Ulundurpettai,3,VASANTHAVEL G R,Dravida Munnetra Kazhagam,Rising sun
Ulundurpettai,4,UDHAYAKUMAR R,All India Puratchi Thalaivar Makkal Munnettra Kazhagam,Coconut farm
Ulundurpettai,5,SUDHAKAR M,Tamilaga Vettri Kazhagam,Whistle
Ulundurpettai,6,BALAKRISHNAN K,Anna Makkal Katchi,Letter box
Ulundurpettai,7,ARASAN K,Independent,Jackfruit
Ulundurpettai,8,KRISHNAMOORTHY V,Independent,Pen nib with seven rays
Ulundurpettai,9,SANKAR S,Independent,Road roller
Ulundurpettai,10,SASIKUMAR N,Independent,Camera
Ulundurpettai,11,SENTHIL P,Independent,Violin
Ulundurpettai,12,PARTHIBAN V,Independent,Electric pole
Ulundurpettai,13,MANIKANDAN P,Independent,Ship
Ulundurpettai,14,RAMAKRISHNAN R,Independent,Gas cylinder
Rishivandiyam,1,KARTHIKEYAN K,Dravida Munnetra Kazhagam,Rising sun
Rishivandiyam,2,BALAKRISHNAN A,Bahujan Samaj Party,Elephant
Rishivandiyam,3,RADHIKA P,Naam Tamilar Katchi,Farmer Carrying Plough
Rishivandiyam,4,ASHOK KUMAR G,Tamilaga Vettri Kazhagam,Whistle
Rishivandiyam,5,ARUMUGAM G,Parivartan Rajniti Party,Bat
Rishivandiyam,6,SANKAR R,Tamizhaga Vaazhvurimai Katchi,Camera
Rishivandiyam,7,SEVVANTHA G K,Anna Makkal Katchi,Letter box
Rishivandiyam,8,CHEZHIYAN P,Pattali Makkal Katchi,Mango
Rishivandiyam,9,RANGANATHAN N,All India Puratchi Thalaivar Makkal Munnettra Kazhagam,Coconut farm
Rishivandiyam,10,VENKATRAMAN J,Naadaalum Makkal Katchi,Pen nib with seven rays
Rishivandiyam,11,ANBU D,Independent,Grapes
Rishivandiyam,12,ANBUMURUGAN S,Independent,Water melon
Rishivandiyam,13,KARTHIKEYAN A,Independent,Calculator
Rishivandiyam,14,KARTHIKEYAN V,Independent,Cauliflower
Rishivandiyam,15,GOWTHAM C,Independent,Water tank
Rishivandiyam,16,SENTHIKUMAR V N,Independent,Ship
Rishivandiyam,17,SELVARAJ P,Independent,Gas cylinder
Rishivandiyam,18,SEZHIYAN K,Independent,Balloon
Rishivandiyam,19,NARAYANAN L,Independent,Box
Rishivandiyam,20,MANIKANDAN C,Independent,Scissors
Rishivandiyam,21,MARIKKANNU A,Independent,Pan
Rishivandiyam,22,RAJA K,Independent,Bricks
Rishivandiyam,23,RAJA S,Independent,Belt
Rishivandiyam,24,VINOTH S,Independent,Frock
Rishivandiyam,25,VIJAYAKUMAR G,Independent,Bread
Sankarapuram,1,UDHAYASURIYAN T,Dravida Munnetra Kazhagam,Rising sun
Sankarapuram,2,SUDHA M,Bahujan Samaj Party,Elephant
Sankarapuram,3,RAMESH K,Naam Tamilar Katchi,Farmer Carrying Plough
Sankarapuram,4,RAKESH R,All India Anna Dravida Munnetra Kazhagam,Two leaves
Sankarapuram,5,RAMACHANDIRAN M,Tamizhaga Vaazhvurimai Katchi,Camera
Sankarapuram,6,GANGASEKAR A,MAKKAL SAKTHI KATCHI,Mike
Sankarapuram,7,SANNIYASI N,Veerath Thiyagi Viswanathadoss Thozhilalarkal Katchi,Pestle and mortar
Sankarapuram,8,NADARAJAN K,All India Puratchi Thalaivar Makkal Munnettra Kazhagam,Coconut farm
Sankarapuram,9,JAGADESAN A,Tamilaga Vettri Kazhagam,Whistle
Sankarapuram,10,ANBAZHAGAN S,Independent,Grapes
Sankarapuram,11,KAVIKUIL V,Independent,Ship
Sankarapuram,12,SAMIKKANNU M,Independent,Gas Stove
Sankarapuram,13,DURAI EZHILAN P,Independent,Electric pole
Sankarapuram,14,PACHAIYAPPAN K,Independent,Peas
Sankarapuram,15,MANI G,Independent,Ring
Sankarapuram,16,MANIKANDAN P,Independent,Gift pack
Sankarapuram,17,MAYILAMPARAI MARI A,Independent,Pan
Sankarapuram,18,DR.MURUGU K,Independent,Gas cylinder
Sankarapuram,19,VIGNESH R,Independent,Box
Sankarapuram,20,VIJAY J,Independent,Pen nib with seven rays
Sankarapuram,21,JAYAPRAKASH K,Independent,Truck
Sankarapuram,22,HARUN RASHEETH J,Independent,Bat
Kallakurichi,1,NAGAMMAL R,Naam Tamilar Katchi,Farmer Carrying Plough
Kallakurichi,2,MALATHI K,Viduthalai Chiruthaigal Katchi,Pot
Kallakurichi,3,RAJEEVGANDHI S,All India Anna Dravida Munnetra Kazhagam,Two leaves
Kallakurichi,4,ARUL VIGNESH,Tamilaga Vettri Kazhagam,Whistle
Kallakurichi,5,SELVARAJ M,Independent,Cot
Kallakurichi,6,PRABU C,Independent,Well
Kallakurichi,7,MALATHI K,Independent,Bucket
Kallakurichi,8,RAJIVGANDHI S,Independent,Funnel
Kallakurichi,9,RAJIVGANDHI P,Independent,Balloon
Kallakurichi,10,VASANTHAKUMAR S,Independent,Ship
Kallakurichi,11,VIGNESH G,Independent,CCTV Camera
Gangavalli,1,ABIRAMI. A,Naam Tamilar Katchi,Farmer Carrying Plough
Gangavalli,2,CHINNADURAI. K,Dravida Munnetra Kazhagam,Rising sun
Gangavalli,3,NALLATHAMBI. A,All India Anna Dravida Munnetra Kazhagam,Two leaves
Gangavalli,4,BALAKRISHNAN. P,Bahujan Samaj Party,Elephant
Gangavalli,5,ANBAZHAGAN. S,Anna Makkal Katchi,Letter box
Gangavalli,6,KAVIARASAN. T.T,Tamizhaga Vaazhvurimai Katchi,Camera
Gangavalli,7,SUJATHA. V,Tamilaga Vettri Kazhagam,Whistle
Gangavalli,8,MARIMUTHU. S,Puthiya Tamilagam,Gas cylinder
Gangavalli,9,KANNAN. S,Independent,Sitar
Gangavalli,10,GUNAPRAKASH. D,Independent,Box
Gangavalli,11,TAMILARASAN. T,Independent,Brush
Gangavalli,12,DHANAPAL. S,Independent,Balloon
Gangavalli,13,RAMESH. S,Independent,Grapes
Attur,1,ARTHANARI. S.K.,Indian National Congress,Hand
Attur,2,SELLAMMAL. V.M.,Bahujan Samaj Party,Elephant
Attur,3,MONISHA CHINNADURAI.,Naam Tamilar Katchi,Farmer Carrying Plough
Attur,4,JAYASANKARAN. A.P.,All India Anna Dravida Munnetra Kazhagam,Two leaves
Attur,5,SELVABHARATHI. R.,Tamilaga Vettri Kazhagam,Whistle
Attur,6,PALANIYAMMAL. S.,Desiya Makkal Sakthi Katchi,Balloon
Attur,7,RAMESH. G.,Tamizhaga Vaazhvurimai Katchi,Camera
Attur,8,SELVAKANNAN. L.,Independent,Coat
Attur,9,POOMALAI. C.,Independent,Pressure cooker
Attur,10,MANIKANDAN. M.,Independent,Chess board
Attur,11,MANIMARAN. A.,Independent,Ring
Attur,12,MANICKAM. K.,Independent,Air conditioner
Attur,13,RAJESHKANNAN. K.,Independent,Sitar
Attur,14,VARATHARAJ. G.,Independent,Gas cylinder
Attur,15,JAGAN. T.,Independent,Bat
Yercaud,1,P.USHARANI,All India Anna Dravida Munnetra Kazhagam,Two leaves
Yercaud,2,K.PALANISAMY,Bahujan Samaj Party,Elephant
Yercaud,3,PALANISAMY.M,Naam Tamilar Katchi,Farmer Carrying Plough
Yercaud,4,T.M.REVATHI,Dravida Munnetra Kazhagam,Rising sun
Yercaud,5,C.GOPI,Communist Party of India (Marxist-Leninist) (Liberation),Flag with three stars
Yercaud,6,J.LAKSHMI JANARTHANAN,Tamilaga Vettri Kazhagam,Whistle
Yercaud,7,T.VENGATESHSAN,Tamizhaga Vaazhvurimai Katchi,Camera
Yercaud,8,N.KARTHIK,Independent,Flute
Yercaud,9,A.KALIYAPPAN,Independent,Tray
Yercaud,10,THANGADURAI.N,Independent,Wallet
Yercaud,11,K.PAZHANIVEL,Independent,Belt
Yercaud,12,N.VIJAYAKUMAR,Independent,Cake
Yercaud,13,S.VENKATESAN,Independent,Diamond
Omalur,1,ELANGOVAN. A.R,Desiya Murpokku Dravida Kazhagam,Nagara
Omalur,2,SIVASAKTHI. M,Naam Tamilar Katchi,Farmer Carrying Plough
Omalur,3,MANI. R,All India Anna Dravida Munnetra Kazhagam,Two leaves
Omalur,4,ADHIYAMAAN. R.V,Tamilaga Vettri Kazhagam,Whistle
Omalur,5,KRISHNAMOORTHY. D,Tamizhaga Vaazhvurimai Katchi,Camera
Omalur,6,SURESHKUMAR. S,Aanaithinthiya Jananayaka Pathukappu Kazhagam,Gas cylinder
Omalur,7,ARULPRAKASH. T,Independent,Bucket
Omalur,8,GOBINATHAN. R,Independent,Tea filter
Omalur,9,SANTHALINGAM. C,Independent,Colour tray & brush
Omalur,10,PERUMAL. S,Independent,Ship
Omalur,11,MANI. V,Independent,Coconut farm
Omalur,12,MANOKARAN. A,Independent,Electric pole
Omalur,13,MAYAKKANNAN. R,Independent,Truck
Omalur,14,MOHANRAJ. P.M,Independent,Bat
Omalur,15,JEGANATHAN. A,Independent,Battery Torch
Mettur,1,MIDHUN CHAKRAVARTHY.M,Dravida Munnetra Kazhagam,Rising sun
Mettur,2,VIDHYA VEERAPPAN,Naam Tamilar Katchi,Farmer Carrying Plough
Mettur,3,VENKATACHALAM.G,All India Anna Dravida Munnetra Kazhagam,Two leaves
Mettur,4,SELVAM.K,Tamilaga Vettri Kazhagam,Whistle
Mettur,5,PERIYAPONNU.O,Tamizhaga Vaazhvurimai Katchi,Camera
Mettur,6,VELU.A,Vada Tamil Nadu Munnetra Katchi,Bat
Mettur,7,KANNAN.M,Independent,Tiller
Mettur,8,KANNAN.R,Independent,Flute
Mettur,9,KRISHNAMOORTHY.P,Independent,Peas
Mettur,10,SARAVANAKUMAR.M,Independent,Diamond
Mettur,11,CHITHAMBARAM.A,Independent,Throwing a javelin
Mettur,12,DURAIRAJ.V,Independent,Gas cylinder
Mettur,13,DR.K.PADMARAJAN,Independent,Tyres
Mettur,14,PRABAKARAN.S,Independent,Coconut farm
Mettur,15,MURUGAN.P,Independent,Bricks
Mettur,16,RAMKUMAR.D.M,Independent,Laptop
Mettur,17,VENKATASALAM.G,Independent,Electric pole
Mettur,18,JAGANATHAN.A,Independent,Bucket
Edappadi,1,KASI. C,Dravida Munnetra Kazhagam,Rising sun
Edappadi,2,EDAPPADI PALANISWAMI. K,All India Anna Dravida Munnetra Kazhagam,Two leaves
Edappadi,3,PRIYADHARSHINI. A,Naam Tamilar Katchi,Farmer Carrying Plough
Edappadi,4,GOVINDARAJ.V,Tamizhaga Vaazhvurimai Katchi,Camera
Edappadi,5,SURESH. L,All India Puratchi Thalaivar Makkal Munnettra Kazhagam,Coconut farm
Edappadi,6,ELUMALAI. P,Independent,Gas cylinder
Edappadi,7,IYYAPPAN PERUMAL. P,Independent,Tea filter
Edappadi,8,KUMARESAN. M,Independent,Ring
Edappadi,9,SAKTHIVEL. S,Independent,Bucket
Edappadi,10,SUBRAMANI. P,Independent,Battery Torch
Edappadi,11,THULASIMANI. P,Independent,Telephone
Edappadi,12,PREMKUMAR. K,Independent,Television
Edappadi,13,MURUGAN. C,Independent,Bat
Edappadi,14,STUDENT'S FRIEND MURUGAN. M,Independent,Diamond
Edappadi,15,RAJA. K. B.SC. B.TECH. EX.INAS,Independent,Pen nib with seven rays
Sankari,1,SETTUMUTHU. V,Bahujan Samaj Party,Elephant
Sankari,2,NITHYA. A,Naam Tamilar Katchi,Farmer Carrying Plough
Sankari,3,MANIKANDAN. M,Dravida Munnetra Kazhagam,Rising sun
Sankari,4,VETRIVEL. S,All India Anna Dravida Munnetra Kazhagam,Two leaves
Sankari,5,DR. GURUNATHAN. S,Indhu Dravida Makkal Katchi,Gas cylinder
Sankari,6,SENTHILKUMAR. K,Tamilaga Vettri Kazhagam,Whistle
Sankari,7,SENTHILKUMAR. R.S.,Tamizhaga Vaazhvurimai Katchi,Camera
Sankari,8,SAKTHIVEL. G,Independent,Grapes
Sankari,9,SAKTHIVEL. D,Independent,Ship
Sankari,10,SALMAN. E,Independent,Pen drive
Sankari,11,DURAIRAJ. C,Independent,Ring
Sankari,12,PARAMASIVAM. R,Independent,Peas
Sankari,13,POOVARASAN. S,Independent,Batsman
Sankari,14,MANIKANDAN. D,Independent,Gift pack
Sankari,15,MANIKANDAN. P,Independent,Kitchen sink
Sankari,16,MAYILKUMAR. M,Independent,Truck
Sankari,17,RANJITH KUMAR. V,Independent,Bucket
Sankari,18,RAMESHKUMAR. V,Independent,Almirah
Sankari,19,VIGNESH. A,Independent,Bat
Sankari,20,VIJAYAKUMAR. M,Independent,Bricks
Salem (West),1,ALAGAAPURAM. R. MOHANRAJ,Desiya Murpokku Dravida Kazhagam,Nagara
Salem (West),2,GUNASEKARAN.R,Bahujan Samaj Party,Elephant
Salem (West),3,SURESHKUMAR.R,Naam Tamilar Katchi,Farmer Carrying Plough
Salem (West),4,ARUL RAMADAS,Aanaithinthiya Jananayaka Pathukappu Kazhagam,Gas cylinder
Salem (West),5,KARTHE.M,Pattali Makkal Katchi,Mango
Salem (West),6,PRABU.K,Vishwa Tamil Kazhagam,Ring
Salem (West),7,RAJ KUMAR.G,Tamizhaga Vaazhvurimai Katchi,Camera
Salem (West),8,LAKSHMANAN.S,Tamilaga Vettri Kazhagam,Whistle
Salem (West),9,AMIRTHALINGAM.N,Independent,Truck
Salem (West),10,ARUL.S,Independent,Water tank
Salem (West),11,ARUL.T,Independent,Letter box
Salem (West),12,ARUL. D,Independent,Clip
Salem (West),13,ARUL. P,Independent,Noodles bowl
Salem (West),14,KARTHICK. M,Independent,Water melon
Salem (West),15,KARTHICK. R,Independent,Grapes
Salem (West),16,KUMAR.A.P,Independent,Coconut farm
Salem (West),17,CHANDRASEKARAN.G,Independent,Tiller
Salem (West),18,SELVAM.R,Independent,Batsman
Salem (West),19,DHANAPAL,Independent,Carpet
Salem (West),20,THIYAGARAJAN.M,Independent,Chappals
Salem (West),21,BHARATH.S,Independent,Pestle and mortar
Salem (West),22,BHARANITHARAN. D.K,Independent,Ship
Salem (West),23,PANNEERSELVAM.P,Independent,Scissors
Salem (West),24,ER PRABAKARAN. S,Independent,Jackfruit
Salem (West),25,PERUMAL.A,Independent,Baby walker
Salem (West),26,MANOHAR.C,Independent,Television
Salem (West),27,MOHAN RAJ.R,Independent,Gift pack
Salem (West),28,RADHAKRISHNAN.R,Independent,Diamond
Salem (West),29,VIJAYAKUMAR.S,Independent,Flute
Salem (West),30,VELMANIKANDAN.S,Independent,Pressure cooker
Salem (West),31,SRISABARINATHAN,Independent,Petrol pump
Salem (North),1,RAJENDRAN. R,Dravida Munnetra Kazhagam,Rising sun
Salem (North),2,GUNASEELA. M,Naam Tamilar Katchi,Farmer Carrying Plough
Salem (North),3,SADHASIVAM. S,Pattali Makkal Katchi,Mango
Salem (North),4,SIVAKUMAR. K,Tamilaga Vettri Kazhagam,Whistle
Salem (North),5,MOHANRAJ. S,Tamizhaga Vaazhvurimai Katchi,Camera
Salem (North),6,JOTHILAKSHMI. R. S,Vishwa Tamil Kazhagam,Ring
Salem (North),7,SABAREESAN. D,Independent,Diamond
Salem (North),8,PALANISAMY. R,Independent,Table
Salem (North),9,PRAVINA. G,Independent,CCTV Camera
Salem (North),10,MANIVANNAN. S,Independent,Balloon
Salem (North),11,MAHABUB JOHN. K,Independent,Mike
Salem (North),12,RAJASEKAR. S,Independent,Bricks
Salem (North),13,RAJA. A,Independent,Bucket
Salem (North),14,RAJENDRAN. A,Independent,Tube light
Salem (South),1,SOFIA. S,Naam Tamilar Katchi,Farmer Carrying Plough
Salem (South),2,LOGANATHAN. M,Dravida Munnetra Kazhagam,Rising sun
Salem (South),3,VINOTH. J,All India Anna Dravida Munnetra Kazhagam,Two leaves
Salem (South),4,BAS MADHESWARAN,Tamizhaga Vaazhvurimai Katchi,Camera
Salem (South),5,VIJAY TAMILAN PARTHIBAN. A,Tamilaga Vettri Kazhagam,Whistle
Salem (South),6,AMBEDKAR. C,Independent,Ship
Salem (South),7,SANTHOSH. S,Independent,Frying pan
Salem (South),8,SUNDARAM. R,Independent,Gas cylinder
Salem (South),9,SUMATHI. P,Independent,Air conditioner
Salem (South),10,PADMANAPAN. M,Independent,Gas Stove
Salem (South),11,PALANIAPPAN. M,Independent,Diamond
Salem (South),12,PARTHIBAN. A,Independent,Cake
Salem (South),13,PARTHIBAN. V,Independent,Belt
Salem (South),14,PRAVEEN KUMAR. M,Independent,Chappals
Salem (South),15,MAYAKANNAN. N,Independent,Balloon
Salem (South),16,LOGANATHAN. M,Independent,Road roller
Salem (South),17,LOGANATHAN. M,Independent,Bucket
Salem (South),18,VARATHARAJAN. S.P,Independent,Batsman
Salem (South),19,JAYARAJ. S,Independent,Window
Veerapandi,1,THARUN. A.K,Dravida Munnetra Kazhagam,Rising sun
Veerapandi,2,RAJESHKUMAR. S,Naam Tamilar Katchi,Farmer Carrying Plough
Veerapandi,3,SRI BALAJI SUGUMAR. S,All India Anna Dravida Munnetra Kazhagam,Two leaves
Veerapandi,4,ANBAZHAGAN. P,Communist Party of India (Marxist-Leninist) (Liberation),Flag with three stars
Veerapandi,5,SAKTHIVEL. M,Naadaalum Makkal Katchi,Pen nib with seven rays
Veerapandi,6,PALANIVEL. M.S,Tamilaga Vettri Kazhagam,Whistle
Veerapandi,7,BRAMAMOORTHI. M,Tamizhaga Vaazhvurimai Katchi,Camera
Veerapandi,8,INDRAJITH GUPTHA. G,Independent,CCTV Camera
Veerapandi,9,KAVITHA. M.P,Independent,Stethoscope
Veerapandi,10,KARTHI. R,Independent,Tiller
Veerapandi,11,GOPI. R,Independent,T.V. Remote
Veerapandi,12,GOPINATH. B,Independent,Ship
Veerapandi,13,SENTHILKUMAR. M,Independent,Diamond
Veerapandi,14,TAMILARASAN. D,Independent,Belt
Veerapandi,15,DEVENDHIRAPRABU. M,Independent,Batsman
Veerapandi,16,PALANISAMY. P,Independent,Gas cylinder
Veerapandi,17,PRABHU. V,Independent,Computer mouse
Veerapandi,18,RANGANATHAN. D,Independent,Calculator
Veerapandi,19,VAIDESSWARA PRASAD. N,Independent,Scissors
Veerapandi,20,JAYAVEL. M,Independent,Gramophone
Rasipuram,1,PREMKUMAR S D,Bharatiya Janata Party,Lotus
Rasipuram,2,SASIKALA S,Naam Tamilar Katchi,Farmer Carrying Plough
Rasipuram,3,MATHIVENTHAN M DR,Dravida Munnetra Kazhagam,Rising sun
Rasipuram,4,ARULKUMAR P,Ganasangam Party of India,Lady finger
Rasipuram,5,ARULRAJU G,Anaithinthiya Anna Dravida Makkal Seyal katchi,Telephone
Rasipuram,6,KRISHNAMOORTHI P,Tamizhaga Vaazhvurimai Katchi,Camera
Rasipuram,7,MUNIYAPPAN M,Puthiya Tamilagam,Hand cart
Rasipuram,8,RAMADASS D,Samaniya Makkal Nala Katchi,Bucket
Rasipuram,9,LOGESH TAMILSELVAN D,Tamilaga Vettri Kazhagam,Whistle
Rasipuram,10,AMPULIMADHAN M,Independent,Television
Rasipuram,11,THANGAMANI S,Independent,Capsicum
Rasipuram,12,TAMILAZHAGAN M,Independent,Gas cylinder
Rasipuram,13,NAGARAJAN K,Independent,Grapes
Rasipuram,14,NEPPOLIYAN K,Independent,Ship
Rasipuram,15,MANIKANDAN C,Independent,Matchbox
Rasipuram,16,MURUGESAN A,Independent,Diamond
Rasipuram,17,RAJESHKANNAN R,Independent,Box
Rasipuram,18,JAYANTHI M,Independent,Coat
Senthamangalam,1,C CHANDRASEKARAN,All India Anna Dravida Munnetra Kazhagam,Two leaves
Senthamangalam,2,P POOMALAR,Dravida Munnetra Kazhagam,Rising sun
Senthamangalam,3,PONNUMANI C,Naam Tamilar Katchi,Farmer Carrying Plough
Senthamangalam,4,P CHANDRASEKAR,Tamilaga Vettri Kazhagam,Whistle
Senthamangalam,5,K DURAISAMY,Ganasangam Party of India,Lady finger
Senthamangalam,6,P RAMASAMY,Tamizhaga Vaazhvurimai Katchi,Camera
Senthamangalam,7,C JAGANATHAN,All India Puratchi Thalaivar Makkal Munnettra Kazhagam,Coconut farm
Senthamangalam,8,C SUTHAN,Independent,Electric pole
Senthamangalam,9,M SWAMINATHAN,Independent,Pen nib with seven rays
Senthamangalam,10,A BALAMURUGAN,Independent,Bat
Senthamangalam,11,E MANIKANDAN,Independent,Diamond
Senthamangalam,12,K RAMESH,Independent,Kettle
Namakkal,1,RAMASAMY P,Bahujan Samaj Party,Elephant
Namakkal,2,PRAVEENKUMAR K,Naam Tamilar Katchi,Farmer Carrying Plough
Namakkal,3,SRIDEVI MOHAN P S,All India Anna Dravida Munnetra Kazhagam,Two leaves
Namakkal,4,RANI P,Dravida Munnetra Kazhagam,Rising sun
Namakkal,5,AADITHIYAN A,Anna Puratchi Thalaivar Amma Dravida Munnetra Kazhagam,Jackfruit
Namakkal,6,GANDHIAN RAMESH T,Ahimsa Socialist Party,Mike
Namakkal,7,SURESHKANNAN P,Ganasangam Party of India,Lady finger
Namakkal,8,THIYAGARAJAN R,Samaniya Makkal Nala Katchi,Bucket
Namakkal,9,DILIP C S,Tamilaga Vettri Kazhagam,Whistle
Namakkal,10,PALANISAMY M P,All India Puratchi Thalaivar Makkal Munnettra Kazhagam,Coconut farm
Namakkal,11,MAHENDRAN P,Anaithinthiya Anna Dravida Makkal Seyal katchi,Telephone
Namakkal,12,MATHESWARAN C,Puthiya Tamilagam,Gas cylinder
Namakkal,13,ABINESHKUMAR T,Independent,Laptop
Namakkal,14,ARAVINTH S,Independent,Brief case
Namakkal,15,KANAKARAJ K,Independent,Battery Torch
Namakkal,16,CHANDRA P,Independent,Diamond
Namakkal,17,NATARAJAN M,Independent,Pressure cooker
Namakkal,18,NETAJIKAVIARASU V,Independent,Road roller
Namakkal,19,MANIKANDAN R,Independent,Bench
Namakkal,20,MUTHUSAMY S,Independent,Spanner
Namakkal,21,MOHAN S,Independent,Electric pole
Namakkal,22,MOHAN P,Independent,Binoculars
Namakkal,23,MOHAN M,Independent,Scissors
Namakkal,24,RAMESH A,Independent,Camera
Namakkal,25,JAYAKUMAR R,Independent,Water tank
Namakkal,26,JAYARAMAN M,Independent,Ring
Namakkal,27,STALIN R,Independent,Ship
Paramathi-Velur,1,ARAVIND M,Naam Tamilar Katchi,Farmer Carrying Plough
Paramathi-Velur,2,RAMAN V,Bahujan Samaj Party,Elephant
Paramathi-Velur,3,SEKAR S,All India Anna Dravida Munnetra Kazhagam,Two leaves
Paramathi-Velur,4,MOORTHIY K S,Dravida Munnetra Kazhagam,Rising sun
Paramathi-Velur,5,SELVARASU S,Anna Puratchi Thalaivar Amma Dravida Munnetra Kazhagam,Jackfruit
Paramathi-Velur,6,SHAILAJA,Tamizhaga Vaazhvurimai Katchi,Camera
Paramathi-Velur,7,NANDAKUMAR A,Tamilaga Vettri Kazhagam,Whistle
Paramathi-Velur,8,BAKKIAM P,Anaithinthiya Anna Dravida Makkal Seyal katchi,Telephone
Paramathi-Velur,9,VIJAY SURYABHALAAJI K R,All India Puratchi Thalaivar Makkal Munnettra Kazhagam,Coconut farm
Paramathi-Velur,10,RAMASAMY,Independent,Air conditioner
Paramathi-Velur,11,KANDASAMY S,Independent,Capsicum
Paramathi-Velur,12,KARTHIK R,Independent,Bicycle pump
Paramathi-Velur,13,GOPALAN G,Independent,Matchbox
Paramathi-Velur,14,SUDHARSAN K,Independent,Mike
Paramathi-Velur,15,SURESH R,Independent,Scissors
Paramathi-Velur,16,SEKAR C,Independent,Peas
Paramathi-Velur,17,SEKAR V,Independent,Diamond
Paramathi-Velur,18,THANGARASU M,Independent,Electric pole
Paramathi-Velur,19,PARAMESHWARI S,Independent,Balloon
Paramathi-Velur,20,PALANISAMY S,Independent,Almirah
Paramathi-Velur,21,BALAJI,Independent,Bangles
Paramathi-Velur,22,PRATHAP K,Independent,Baby walker
Paramathi-Velur,23,MANOJKUMAR M,Independent,Pen nib with seven rays
Paramathi-Velur,24,MURTHI,Independent,Wall hook
Paramathi-Velur,25,MOORTHI M,Independent,Bead necklace
Paramathi-Velur,26,RANJITH K,Independent,Grapes
Paramathi-Velur,27,RAMESH P,Independent,Bench
Paramathi-Velur,28,RAMESH R,Independent,Belt
Paramathi-Velur,29,RAJA R,Independent,Gas cylinder
Paramathi-Velur,30,LATHA A,Independent,Bat
Paramathi-Velur,31,VIJAYAKUMAR A,Independent,Clip
Tiruchengodu,1,ESWARAN E R,Dravida Munnetra Kazhagam,Rising sun
Tiruchengodu,2,SRMT SEKAR (A) CHANDRASEKAR R,All India Anna Dravida Munnetra Kazhagam,Two leaves
Tiruchengodu,3,REVATHI K,Naam Tamilar Katchi,Farmer Carrying Plough
Tiruchengodu,4,ARUNRAJ K G,Tamilaga Vettri Kazhagam,Whistle
Tiruchengodu,5,SHARAVANAN A K,Tamizhaga Vaazhvurimai Katchi,Camera
Tiruchengodu,6,CHINNATHAMBI K,Republican Party of India (Athawale),Ganna kisan
Tiruchengodu,7,DHANAPAL SUBRAMANIYAM,Anaithinthiya Anna Dravida Makkal Seyal katchi,Coconut farm
Tiruchengodu,8,THIRUKKUMARAN P,Makkal Munnetra Katchi,Matchbox
Tiruchengodu,9,MUNUSAMY A T,Samaniya Makkal Nala Katchi,Walking stick
Tiruchengodu,10,ARULPRAKASAM S,Independent,Trumpet
Tiruchengodu,11,ARJUNAN L K,Independent,Box
Tiruchengodu,12,ESWARAN M,Independent,Well
Tiruchengodu,13,SATHEESKUMAR P,Independent,Batsman
Tiruchengodu,14,SARAVANASUNDARAM S,Independent,Ring
Tiruchengodu,15,DHINESH KARIKALAN,Independent,Door bell
Tiruchengodu,16,DEEPAKRAJAN V,Independent,Tennis racket & ball
Tiruchengodu,17,PALANISAMY K,Independent,Electric pole
Tiruchengodu,18,BALAJI CHEZHIAN P,Independent,Scissors
Tiruchengodu,19,MAHESHKUMAR N,Independent,Gift pack
Tiruchengodu,20,RAMESH S,Independent,Helmet
Tiruchengodu,21,RAJAKUMAR P,Independent,Road roller
Tiruchengodu,22,REVANTH S N,Independent,Air conditioner
Tiruchengodu,23,VISWANATHAN P,Independent,Gas Stove
Kumarapalayam,1,P.THANGAMANI,All India Anna Dravida Munnetra Kazhagam,Two leaves
Kumarapalayam,2,S.BALU,Dravida Munnetra Kazhagam,Rising sun
Kumarapalayam,3,UVARANI SURESH,Naam Tamilar Katchi,Farmer Carrying Plough
Kumarapalayam,4,J.KARTHI,Vishwa Tamil Kazhagam,Ring
Kumarapalayam,5,PALANISAMY,Samaniya Makkal Nala Katchi,Walking stick
Kumarapalayam,6,PANNERSELVAM,Anaithinthiya Anna Dravida Makkal Seyal katchi,Gas cylinder
Kumarapalayam,7,C.VIJAYALAKSHMI,Tamilaga Vettri Kazhagam,Whistle
Kumarapalayam,8,AMIRTHALINGAM,Independent,Matchbox
Kumarapalayam,9,KARTHI,Independent,Pen nib with seven rays
Kumarapalayam,10,R.KUMARESAN,Independent,Coconut farm
Kumarapalayam,11,GOPALAKRISHNAN,Independent,Water melon
Kumarapalayam,12,SARAVANAN,Independent,Mike
Kumarapalayam,13,G. SAMUELRAJ,Independent,Ship
Kumarapalayam,14,SIVARAJ,Independent,Pen stand
Kumarapalayam,15,P.SENTHILKUMAR,Independent,Toffees
Kumarapalayam,16,SELVARAJ,Independent,Iron
Kumarapalayam,17,K. PALANIVEL,Independent,Tooth paste
Kumarapalayam,18,A.MURUGANANDHAN,Independent,Trumpet
Kumarapalayam,19,R.RAJA,Independent,Truck
Kumarapalayam,20,VENKATACHALAM,Independent,Gas Stove
Kumarapalayam,21,S JAYAVEL,Independent,Diamond
Erode (East),1,GOPINATH PALANIYAPPAN,Indian National Congress,Hand
Erode (East),2,B.CHITRA,Bahujan Samaj Party,Elephant
Erode (East),3,S.THANDAVAMOORTHY,Naam Tamilar Katchi,Farmer Carrying Plough
Erode (East),4,R.MANOHARAN,All India Anna Dravida Munnetra Kazhagam,Two leaves
Erode (East),5,M.KAMAL KUMAR,Vishwa Tamil Kazhagam,Ring
Erode (East),6,R.DHANDAPANI,Veerath Thiyagi Viswanathadoss Thozhilalarkal Katchi,Pestle and mortar
Erode (East),7,K.DHAVASIAPPAN,Tamilaga Makkal Nala Katchi,Gas cylinder
Erode (East),8,A.MANIKANDAN,Tamizhaga Vaazhvurimai Katchi,Camera
Erode (East),9,K.MANIKANNAN,Samaniya Makkal Nala Katchi,Walking stick
Erode (East),10,M.VIJAY BALAJI,Tamilaga Vettri Kazhagam,Whistle
Erode (East),11,M.V.KARTHY,Independent,Cube
Erode (East),12,SHANMUGAM.P,Independent,Matchbox
Erode (East),13,M.DHARANI KUMAR,Independent,Chappals
Erode (East),14,C.THIYAGARAJAN,Independent,Pressure cooker
Erode (East),15,NATHIYA.S,Independent,Diamond
Erode (East),16,H.MOHAMED GAIPEER,Independent,Helmet
Erode (East),17,J.MUTHU BAVA,Independent,Pen nib with seven rays
Erode (East),18,M.MURUGESAN,Independent,Almirah
Erode (East),19,S.LAKSHMANATHAN,Independent,Batsman
Erode (East),20,R.VAIRAM,Independent,Box
Erode (West),1,V . PALANI,Bahujan Samaj Party,Elephant
Erode (West),2,S. MUTHUSAMY,Dravida Munnetra Kazhagam,Rising sun
Erode (West),3,M. YUVARAJA,Bharatiya Janata Party,Lotus
Erode (West),4,N. VIJAY,Naam Tamilar Katchi,Farmer Carrying Plough
Erode (West),5,ANANTH MOGHAN K.K.,Tamilaga Vettri Kazhagam,Whistle
Erode (West),6,K. KALAIYARASAN,Party for the Rights of Other backward Classes,Laptop
Erode (West),7,V. DHANALAKSHMI,Tamizhaga Vaazhvurimai Katchi,Camera
Erode (West),8,M. NATARAJ,Vishwa Tamil Kazhagam,Ring
Erode (West),9,M. RUKMANI,Samaniya Makkal Nala Katchi,Walking stick
Erode (West),10,SHANMUGAM M.,Independent,Gas cylinder
Erode (West),11,MOORTHI P.,Independent,Truck
Erode (West),12,A. RAMU,Independent,Water tank
Erode (West),13,C. RAJENDRAN,Independent,Scissors
Modakkurichi,1,M.ARUNKUMAR,Naam Tamilar Katchi,Farmer Carrying Plough
Modakkurichi,2,S.KIRTHIKA,Bharatiya Janata Party,Lotus
Modakkurichi,3,S.SENTHILNATHAN,Dravida Munnetra Kazhagam,Rising sun
Modakkurichi,4,K.MUNIYAPPAN,Bahujan Samaj Party,Elephant
Modakkurichi,5,R.KARTHIKEYAN,Tamizhaga Vaazhvurimai Katchi,Camera
Modakkurichi,6,D.SHANMUGAN,Tamilaga Vettri Kazhagam,Whistle
Modakkurichi,7,M.RAMESH,Namathu Kongu Munnetra Kalagam,Gas cylinder
Modakkurichi,8,M.RAVIKUMAR,Ganasangam Party of India,Lady finger
Modakkurichi,9,A.KATHIRVEL,Independent,Television
Modakkurichi,10,K.DHANABAL,Independent,Balloon
Modakkurichi,11,A.DURAISAMY,Independent,Road roller
Modakkurichi,12,R.NATARAJAN,Independent,Scissors
Modakkurichi,13,L.BHARATHI,Independent,Helmet
Modakkurichi,14,R.VELUSAMY,Independent,Diamond
Dharapuram,1,INDIRANI.T,Dravida Munnetra Kazhagam,Rising sun
Dharapuram,2,SATHYABAMA.P,All India Anna Dravida Munnetra Kazhagam,Two leaves
Dharapuram,3,DHIVYA,Naam Tamilar Katchi,Farmer Carrying Plough
Dharapuram,4,GOWRI CHITRA,Tamilaga Vettri Kazhagam,Whistle
Dharapuram,5,ANANTHI.S,Independent,Bat
Dharapuram,6,INDHIRANI.C,Independent,Battery Torch
Dharapuram,7,GOWRI.P,Independent,Electric pole
Dharapuram,8,MOHANRAJ.M,Independent,Bead necklace
Dharapuram,9,ROHINI.S,Independent,Mike
Kangayam,1,KARMEGAN.M,Naam Tamilar Katchi,Farmer Carrying Plough
Kangayam,2,M.P.SAMINATHAN,Dravida Munnetra Kazhagam,Rising sun
Kangayam,3,NSN NATARAJ,All India Anna Dravida Munnetra Kazhagam,Two leaves
Kangayam,4,P.THIRUGNANASAMBANTHAM,Party for the Rights of Other backward Classes,Laptop
Kangayam,5,MANI GOUNDER,Tamilaga Vettri Kazhagam,Whistle
Kangayam,6,R.VIJAYALAKSHMI,Ganasangam Party of India,Lady finger
Kangayam,7,K.ARUMUGAM,Independent,Bat
Kangayam,8,R. IMMANUVEL,Independent,Coconut farm
Kangayam,9,KARTHIKEYAN,Independent,CCTV Camera
Kangayam,10,GOWTHAM,Independent,Dish antenna
Kangayam,11,T.NATARAJ,Independent,Electric pole
Kangayam,12,PALANISAMY,Independent,Telephone
Kangayam,13,P.PARTHIBAN,Independent,Pen nib with seven rays
Kangayam,14,P.MANI,Independent,Trumpet
Kangayam,15,B.RAJENDRAN,Independent,Mixee
Perundurai,1,ESWARAN. P,Bahujan Samaj Party,Elephant
Perundurai,2,INGUR. C. LOGANATHAN,Naam Tamilar Katchi,Farmer Carrying Plough
Perundurai,3,THOPPU VENKATACHALAM (ALIAS) N.D. VENKATACHALAM,Dravida Munnetra Kazhagam,Rising sun
Perundurai,4,JAYAKUMAR. S,All India Anna Dravida Munnetra Kazhagam,Two leaves
Perundurai,5,ARUNACHALAM. V. P,Tamilaga Vettri Kazhagam,Whistle
Perundurai,6,SHANTHOSH KRISHNAN. S,Tamizhaga Vaazhvurimai Katchi,Camera
Perundurai,7,VALARMATHI. P,Samaniya Makkal Nala Katchi,Walking stick
Perundurai,8,SANTHOSH. S,Independent,CCTV Camera
Perundurai,9,SELVARAJU. M,Independent,Gas cylinder
Perundurai,10,PALANISAMY. M,Independent,Gas Stove
Perundurai,11,VENKATACHALAM. C,Independent,Tea filter
Perundurai,12,GEORGE STEPHEN. A,Independent,Grapes
Perundurai,13,JAYAPRAKASH. K,Independent,Diamond
Bhavani,1,KARUPPANAN. K.C,All India Anna Dravida Munnetra Kazhagam,Two leaves
Bhavani,2,CHANDRASEKAR. K.A,Dravida Munnetra Kazhagam,Rising sun
Bhavani,3,SEKAR. K,Bahujan Samaj Party,Elephant
Bhavani,4,MOHANADEVI. R,Naam Tamilar Katchi,Farmer Carrying Plough
Bhavani,5,PARASAKTHI. P,Samaniya Makkal Nala Katchi,Walking stick
Bhavani,6,PALANISAMY. P.K,Tamizhaga Vaazhvurimai Katchi,Camera
Bhavani,7,BALAKRISHNAN,Tamilaga Vettri Kazhagam,Whistle
Bhavani,8,VIMALRAJ. R,Makkal Munnetra Katchi,Matchbox
Bhavani,9,ARUMUGAM. P.V,Independent,Gas cylinder
Bhavani,10,KANNAN. M,Independent,Scissors
Bhavani,11,KARTHIKEYAN. P,Independent,Truck
Bhavani,12,BOOPATHI RAJARAJA CHOZHAN. M,Independent,Electric pole
Bhavani,13,PERUMAL. V.M,Independent,Black board
Bhavani,14,MANIKKAM. P,Independent,Sofa
Anthiyur,1,AALANGATTUR ANANDHI,Naam Tamilar Katchi,Farmer Carrying Plough
Anthiyur,2,KAVIBHARATHI.K,Bahujan Samaj Party,Elephant
Anthiyur,3,SIVABALAN.M,Dravida Munnetra Kazhagam,Rising sun
Anthiyur,4,HARIBASKAR.P,All India Anna Dravida Munnetra Kazhagam,Two leaves
Anthiyur,5,RAMASAMY.S,Samaniya Makkal Nala Katchi,Bucket
Anthiyur,6,EASWARAMURTHI.K,Tamizhaga Vaazhvurimai Katchi,Camera
Anthiyur,7,GOBAL.S.C.R,Aanaithinthiya Jananayaka Pathukappu Kazhagam,Gas cylinder
Anthiyur,8,VIJAY VENKATESH.M,Tamilaga Vettri Kazhagam,Whistle
Anthiyur,9,KARTHI.M,Independent,Syringe
Anthiyur,10,SANKARKUMAR.K.A,Independent,Pressure cooker
Anthiyur,11,SELVI.A,Independent,Almirah
Anthiyur,12,DHANABAL.C,Independent,Peas
Anthiyur,13,VEERAN.K,Independent,Diamond
Anthiyur,14,SHEIK DAVOOD.A.M,Independent,Bead necklace
Gobichettipalayam,1,SEETHALAKSHMI.M.K,Naam Tamilar Katchi,Farmer Carrying Plough
Gobichettipalayam,2,NALLASIVAM.N,Dravida Munnetra Kazhagam,Rising sun
Gobichettipalayam,3,PRABHU.V.B,All India Anna Dravida Munnetra Kazhagam,Two leaves
Gobichettipalayam,4,RAVIKUMAR.R,Bahujan Samaj Party,Elephant
Gobichettipalayam,5,SENGOTTAIYAN.K.A,Tamilaga Vettri Kazhagam,Whistle
Gobichettipalayam,6,THIRUVENGATESH.M,Tamizhaga Vaazhvurimai Katchi,Camera
Gobichettipalayam,7,MALARVIZHI,Party for the Rights of Other backward Classes,Laptop
Gobichettipalayam,8,ANANDHAKUMAR.M,Independent,Matchbox
Gobichettipalayam,9,SAKTHIVEL.G,Independent,Battery Torch
Gobichettipalayam,10,SHANMUGAM.G,Independent,Biscuit
Gobichettipalayam,11,SEETHA.R,Independent,Nail cutter
Gobichettipalayam,12,SUMATHI.G,Independent,Frying pan
Gobichettipalayam,13,SELVAKUMAR.R,Independent,Tyres
Gobichettipalayam,14,DHANAPAL.K,Independent,Jackfruit
Gobichettipalayam,15,PALANISAMYRAAJ.M,Independent,Rubber stamp
Gobichettipalayam,16,BHUVANESHWARI.A,Independent,Tea filter
Gobichettipalayam,17,RAMESH.P,Independent,Pen drive
Gobichettipalayam,18,VENKATACHALAM,Independent,Binoculars
Bhavanisagar,1,P.L.SUNDARAM,Communist Party of India,Ears of corn and sickle
Bhavanisagar,2,S.SOUNDARYA,Naam Tamilar Katchi,Farmer Carrying Plough
Bhavanisagar,3,A.BANNARI,All India Anna Dravida Munnetra Kazhagam,Two leaves
Bhavanisagar,4,B.PALANISWAMY,Bahujan Samaj Party,Elephant
Bhavanisagar,5,V.P.TAMILSELVI,Tamilaga Vettri Kazhagam,Whistle
Bhavanisagar,6,RAKKI,All India Puratchi Thalaivar Makkal Munnettra Kazhagam,Coconut farm
Bhavanisagar,7,A.AMRISH,Independent,Chess board
Bhavanisagar,8,GOPALAN.M,Independent,Balloon
Bhavanisagar,9,C.PALANICHAMY,Independent,Diamond
Bhavanisagar,10,S.PALANISWAMY,Independent,Stethoscope
Bhavanisagar,11,RAMAKRISHNAN,Independent,Electric pole
Bhavanisagar,12,DR.HANUMAIAH.C,Independent,Ring
Udhagamandalam,1,BHOJARAJAN.M,Bharatiya Janata Party,Lotus
Udhagamandalam,2,RAGUPATHY.B,Naam Tamilar Katchi,Farmer Carrying Plough
Udhagamandalam,3,RAMACHANDRAN.B,Indian National Congress,Hand
Udhagamandalam,4,IBRAHIM.R,Tamilaga Vettri Kazhagam,Whistle
Udhagamandalam,5,SAVEETHA.R,Tamizhaga Vaazhvurimai Katchi,Camera
Udhagamandalam,6,MANIAN.R,Independent,CCTV Camera
Gudalur,1,KARTHIK.R,Naam Tamilar Katchi,Farmer Carrying Plough
Gudalur,2,DHRAVIDAMANI.M,Dravida Munnetra Kazhagam,Rising sun
Gudalur,3,PON.JAYASEELAN,All India Anna Dravida Munnetra Kazhagam,Two leaves
Gudalur,4,DEEPAK SAI KISHORE.A,Tamilaga Vettri Kazhagam,Whistle
Gudalur,5,RAJ.S.K,Veerath Thiyagi Viswanathadoss Thozhilalarkal Katchi,Pestle and mortar
Gudalur,6,THILAGARAJ.N,Independent,Bat
Coonoor,1,K. DEENU,Naam Tamilar Katchi,Farmer Carrying Plough
Coonoor,2,A. RAMU,All India Anna Dravida Munnetra Kazhagam,Two leaves
Coonoor,3,M. RAJU,Dravida Munnetra Kazhagam,Rising sun
Coonoor,4,C. THANGARAJU,Tamilaga Vettri Kazhagam,Whistle
Coonoor,5,C. DINESH KUMAR,Independent,Trumpet
Coonoor,6,D. VIDHYASAGAR,Independent,Gift pack
Mettuppalayam,1,SMT.KAVITHA KALYANASUNDARAM,Dravida Munnetra Kazhagam,Rising sun
Mettuppalayam,2,S.GOPALAKRISHNAN,Naam Tamilar Katchi,Farmer Carrying Plough
Mettuppalayam,3,O.K.CHINNARAJ,All India Anna Dravida Munnetra Kazhagam,Two leaves
Mettuppalayam,4,S.ABDUL RAHIMAN,Veerath Thiyagi Viswanathadoss Thozhilalarkal Katchi,Pestle and mortar
Mettuppalayam,5,R.SANGEETHA,Naadaalum Makkal Katchi,Pen nib with seven rays
Mettuppalayam,6,SIVARAJR.,Anna Puratchi Thalaivar Amma Dravida Munnetra Kazhagam,Jackfruit
Mettuppalayam,7,SUNILANAND,Tamilaga Vettri Kazhagam,Whistle
Mettuppalayam,8,DHAMOTHARANV.,All India Puratchi Thalaivar Makkal Munnettra Kazhagam,Coconut farm
Mettuppalayam,9,C.NAGARAJ,Party for the Rights of Other backward Classes,Laptop
Mettuppalayam,10,T.AMIRTHALINGAM,Independent,Dish antenna
Mettuppalayam,11,V.ANANDKUMAR,Independent,Kettle
Mettuppalayam,12,S.KAVITHA,Independent,Violin
Mettuppalayam,13,T.R.SHANMUGASUNDARAM,Independent,Bucket
Mettuppalayam,14,A.SATHIYALEELA,Independent,Brush
Mettuppalayam,15,N.SARAVANA KUMAR,Independent,Helmet
Mettuppalayam,16,R.CHINNARAJ,Independent,Mike
Mettuppalayam,17,V.SENTHIL KUMAR,Independent,Diamond
Mettuppalayam,18,M.PALANICHAMI,Independent,Computer
Mettuppalayam,19,C.MAHENDRAN,Independent,Gramophone
Mettuppalayam,20,MANOHARAN,Independent,Funnel
Mettuppalayam,21,RANGASAMYP.,Independent,Gas cylinder
Mettuppalayam,22,P.RAVICHANDRAN,Independent,Ring
Avanashi,1,DR. GOKILAMANI.V,Dravida Munnetra Kazhagam,Rising sun
Avanashi,2,GOVINDAN.P,Bahujan Samaj Party,Elephant
Avanashi,3,DR. L. MURUGAN,Bharatiya Janata Party,Lotus
Avanashi,4,MENAKA. V,Naam Tamilar Katchi,Farmer Carrying Plough
Avanashi,5,ARUMUGAM.R,Ganasangam Party of India,Lady finger
Avanashi,6,KAMALI.S,Tamilaga Vettri Kazhagam,Whistle
Avanashi,7,CHINNASAMY.V,Tamizhaga Vaazhvurimai Katchi,Camera
Avanashi,8,ARUMUGAM. P,Independent,Gas cylinder
Avanashi,9,ANANDHI.S,Independent,Tube light
Avanashi,10,GOKILAMANI. M,Independent,Diamond
Avanashi,11,SATHIYARASU. R,Independent,Bat
Avanashi,12,SUBRAMANI.C.K,Independent,Balloon
Avanashi,13,DHANABAL.R,Independent,Road roller
Avanashi,14,MOORTHI.R,Independent,Ring
Tiruppur (North),1,R.ABINAYA,Naam Tamilar Katchi,Farmer Carrying Plough
Tiruppur (North),2,M.S.M.ANANDAN,All India Anna Dravida Munnetra Kazhagam,Two leaves
Tiruppur (North),3,M.RAVI ALIAS M.SUBRAMANIAN,Communist Party of India,Ears of corn and sickle
Tiruppur (North),4,L.JAMES REYNOLD,Bahujan Samaj Party,Elephant
Tiruppur (North),5,T.KRISHNASWAMY,Anna Puratchi Thalaivar Amma Dravida Munnetra Kazhagam,Jackfruit
Tiruppur (North),6,V.SATHYABAMA,Tamilaga Vettri Kazhagam,Whistle
Tiruppur (North),7,PY.DHATCHINAMURTHY,Tamizhaga Vaazhvurimai Katchi,Camera
Tiruppur (North),8,S.ANANDHAKUMAR,Independent,Electric pole
Tiruppur (North),9,K.ANAND,Independent,Lady finger
Tiruppur (North),10,GANISHKAR,Independent,Stethoscope
Tiruppur (North),11,G.BALAKRISHNAN,Independent,Helmet
Tiruppur (North),12,M.RANGASAMY,Independent,Gas cylinder
Tiruppur (North),13,P.RAVI,Independent,Ship
Tiruppur (North),14,R.VISHNUMOORTHY,Independent,Water tank
Tiruppur (North),15,K.VENKADASWAMY,Independent,Coconut farm
Tiruppur (South),1,THANGARAJ. S,Bharatiya Janata Party,Lotus
Tiruppur (South),2,DINESH. P.N,Naam Tamilar Katchi,Farmer Carrying Plough
Tiruppur (South),3,DINESHKUMAR. N,Dravida Munnetra Kazhagam,Rising sun
Tiruppur (South),4,RANGASAMY. S,Bahujan Samaj Party,Elephant
Tiruppur (South),5,KALIMUTHU. K,All India Forward Bloc,Lion
Tiruppur (South),6,BALAMURUGAN. S,Tamilaga Vettri Kazhagam,Whistle
Tiruppur (South),7,MALARVIZHI. G,Indhu Dravida Makkal Katchi,Television
Tiruppur (South),8,MOHAMED MUBARAK ALI,Ganasangam Party of India,Lady finger
Tiruppur (South),9,VIJAYAKUMAR. M,Anna Puratchi Thalaivar Amma Dravida Munnetra Kazhagam,Jackfruit
Tiruppur (South),10,JOHN BASHA. A,Tamizhaga Vaazhvurimai Katchi,Camera
Tiruppur (South),11,AMUTHAVEL. P,Independent,Truck
Tiruppur (South),12,DR. RAMAKRISHNAN. S,Independent,Ship
Tiruppur (South),13,KARTHIKADEVI. K,Independent,Brief case
Tiruppur (South),14,KESAVAMURTHI. N,Independent,Battery Torch
Tiruppur (South),15,DHANABAL. D,Independent,Pressure cooker
Tiruppur (South),16,DINESHKUMAR,Independent,Diamond
Tiruppur (South),17,DINESHKUMAR,Independent,Boat with man and sail
Tiruppur (South),18,DINESHKUMAR. V,Independent,Mike
Tiruppur (South),19,MAHALINGAM. V,Independent,Belt
Tiruppur (South),20,RATHINAVEL. M,Independent,Ring
Tiruppur (South),21,RAMESH. S,Independent,Matchbox
Tiruppur (South),22,VASANTHAMANI. K,Independent,Dustbin
Tiruppur (South),23,VENKADASAMY. K,Independent,Gas cylinder
Tiruppur (South),24,VENKATACHALAM. G,Independent,Pen nib with seven rays
Palladam,1,K.SELVARAJ,Dravida Munnetra Kazhagam,Rising sun
Palladam,2,K.V.THAMILINIYAN,Naam Tamilar Katchi,Farmer Carrying Plough
Palladam,3,K.P.PARAMASIVAM,All India Anna Dravida Munnetra Kazhagam,Two leaves
Palladam,4,K.RATHINASAMY,Bahujan Samaj Party,Elephant
Palladam,5,K.SAKTHIVEL,Anna Puratchi Thalaivar Amma Dravida Munnetra Kazhagam,Jackfruit
Palladam,6,S.DHARMARAJ,Tamilaga Makkal Nala Katchi,Electric pole
Palladam,7,K.RAMKUMAR,Tamilaga Vettri Kazhagam,Whistle
Palladam,8,A.ANNADURAI,Independent,Gas cylinder
Palladam,9,ANNADURAI.R,Independent,Battery Torch
Palladam,10,S.ARUMUGAM,Independent,Road roller
Palladam,11,A.SARAVANAN,Independent,Bucket
Palladam,12,G.SELVARAJ,Independent,Lady finger
Palladam,13,M. SELVARAJ,Independent,Fountain
Palladam,14,V.MOHANRAJ,Independent,Diamond
Palladam,15,A. RAMESH,Independent,Coconut farm
Sulur,1,V.P.KANDASAMY,All India Anna Dravida Munnetra Kazhagam,Two leaves
Sulur,2,THALAPATHY MURUGESAN,Dravida Munnetra Kazhagam,Rising sun
Sulur,3,DR.S.RAJASEKARAN,Naam Tamilar Katchi,Farmer Carrying Plough
Sulur,4,KANTHASAMY.K.,Anna Puratchi Thalaivar Amma Dravida Munnetra Kazhagam,Jackfruit
Sulur,5,NM.SUKUMAR,Tamilaga Vettri Kazhagam,Whistle
Sulur,6,SUMAN SINGH.R.,Tamizhaga Vaazhvurimai Katchi,Camera
Sulur,7,NAGARAJ.K.,Ganasangam Party of India,Lady finger
Sulur,8,NELSON.W.,Tamilaga Makkal Nala Katchi,Electric pole
Sulur,9,PALANISAMY.M.,Party for the Rights of Other backward Classes,Laptop
Sulur,10,PAPPA MUTHULAKSHMI.P.,All India Puratchi Thalaivar Makkal Munnettra Kazhagam,Coconut farm
Sulur,11,KANDASAMY.A.,Independent,Tongs
Sulur,12,KANDASAMY.R.,Independent,Peas
Sulur,13,KANDASAMY.V.,Independent,Green chilli
Sulur,14,MURUGESAN.N.,Independent,Bat
Sulur,15,MURUGESH.R.,Independent,Water melon
Kavundampalayam,1,ARUNKUMAR PRG,All India Anna Dravida Munnetra Kazhagam,Two leaves
Kavundampalayam,2,KALAMANI JAGANATHAN,Naam Tamilar Katchi,Farmer Carrying Plough
Kavundampalayam,3,SURYA PRAKASH K.P,Indian National Congress,Hand
Kavundampalayam,4,K.VELMURUGAN,Bahujan Samaj Party,Elephant
Kavundampalayam,5,THOZHAR.N.ARUNKUMAR,Tamizhaga Vaazhvurimai Katchi,Camera
Kavundampalayam,6,KANIMOZHI SANTHOSH,Tamilaga Vettri Kazhagam,Whistle
Kavundampalayam,7,S.THAMARAI KANNAN,Party for the Rights of Other backward Classes,Laptop
Kavundampalayam,8,V.PUSHPANANTHAM,Tamizhaga Murpokku Makkal Katchi,Gas cylinder
Kavundampalayam,9,MALLIGA.M,All India Puratchi Thalaivar Makkal Munnettra Kazhagam,Coconut farm
Kavundampalayam,10,KANIMOZHI.K,Independent,Road roller
Kavundampalayam,11,SURIYAKUMAR.K,Independent,Ring
Kavundampalayam,12,A.BALAMURUGAN,Independent,Diamond
Kavundampalayam,13,M.RAJALINGAM,Independent,Air conditioner
Kavundampalayam,14,M.JOHN BOSCO,Independent,Balloon
Coimbatore (North),1,P. KRISHNASAMY,Bahujan Samaj Party,Elephant
Coimbatore (North),2,DURAI. SENTHAMIL SELVAN B.E,Dravida Munnetra Kazhagam,Rising sun
Coimbatore (North),3,NARMADHA. G.,Naam Tamilar Katchi,Farmer Carrying Plough
Coimbatore (North),4,VANATHI SRINIVASAN,Bharatiya Janata Party,Lotus
Coimbatore (North),5,K. UDHAYAKUMAR,Thamizhaka Padaippalar Makkal Katchi,Drill machine
Coimbatore (North),6,V. SAMPATHKUMAR,Tamilaga Vettri Kazhagam,Whistle
Coimbatore (North),7,S. SENTHILKUMAR,Samaniya Makkal Nala Katchi,Walking stick
Coimbatore (North),8,S. MEENAKSHI SUNDARAM,Tamizhaga Murpokku Makkal Katchi,Gas cylinder
Coimbatore (North),9,K. RAGHUL GANDHI,All India Puratchi Thalaivar Makkal Munnettra Kazhagam,Coconut farm
Coimbatore (North),10,RAJASEKARAN. B.,Tamizhaga Vaazhvurimai Katchi,Camera
Coimbatore (North),11,G.D. KRISHNAKUMAR,Independent,Plate containing food
Coimbatore (North),12,V. KRISHNAN,Independent,Lady finger
Coimbatore (North),13,R. SATHISH KUMAR,Independent,Harmonium
Coimbatore (North),14,K. SAMPATH KUMAR,Independent,Bangles
Coimbatore (North),15,S. SAMPATHKUMAR,Independent,Telephone
Coimbatore (North),16,R. SAMPATH KUMAR,Independent,CCTV Camera
Coimbatore (North),17,P. SARAVANAN,Independent,Stool
Coimbatore (North),18,A.K. SENTHAMIZH SELVAN,Independent,Trumpet
Coimbatore (North),19,R. SETHURAGUNATHAN,Independent,Flute
Coimbatore (North),20,S. DHANA RAJ,Independent,Refrigerator
Coimbatore (North),21,PALANIKUMAR. V.,Independent,Sitar
Coimbatore (North),22,BALU. P.M.,Independent,Diamond
Coimbatore (North),23,R. MANIAN,Independent,Violin
Coimbatore (North),24,A. MARIMUTHU,Independent,Batsman
Coimbatore (North),25,A. RAMESH,Independent,Chappals
Coimbatore (North),26,RAVI. V,Independent,Binoculars
Coimbatore (North),27,G. RAJKUMAR,Independent,Football player
Coimbatore (North),28,V. LINGARAJA,Independent,Road roller
Thondamuthur,1,N.R.KARTHIKEYAN,Dravida Munnetra Kazhagam,Rising sun
Thondamuthur,2,RAJABU NISHA.Z,Naam Tamilar Katchi,Farmer Carrying Plough
Thondamuthur,3,S.P.VELUMANI,All India Anna Dravida Munnetra Kazhagam,Two leaves
Thondamuthur,4,SATHISH RAJU (ALIAS) K.P.R. SATHISH,Tamilaga Vettri Kazhagam,Whistle
Thondamuthur,5,SHAJAHAN.S,Tamizhaga Vaazhvurimai Katchi,Camera
Thondamuthur,6,ARULKUMAR.P,Independent,Air conditioner
Thondamuthur,7,KALAIVANI.S,Independent,CCTV Camera
Thondamuthur,8,KARTHIKEYAN.M,Independent,Bat
Thondamuthur,9,KARTHIKEYAN.R,Independent,Gas cylinder
Thondamuthur,10,KARTHIKEYAN.R-THONDAMUTHUR,Independent,Tooth brush
Thondamuthur,11,KARTHIKEYAN.R-POOLUVAPATTI,Independent,Pen nib with seven rays
Thondamuthur,12,KOWSALYA.V,Independent,Ship
Thondamuthur,13,SIVARAMAN.C,Independent,Diamond
Thondamuthur,14,DEEPA.G.S,Independent,Gift pack
Thondamuthur,15,DEVADASS.K,Independent,Coconut farm
Thondamuthur,16,NIRMALKUMAR.R,Independent,Cot
Thondamuthur,17,BALAMANI.V,Independent,Diesel pump
Thondamuthur,18,MANOKARAN.K,Independent,Wheel barrow
Thondamuthur,19,RAFEEQ.A.M.,Independent,Helmet
Thondamuthur,20,VIJAYA.K,Independent,Battery Torch
Thondamuthur,21,VISWANATHAN.M,Independent,Ring
Coimbatore (South),1,AMMAN K.ARJUNAN,All India Anna Dravida Munnetra Kazhagam,Two leaves
Coimbatore (South),2,V SENTHILBALAJI,Dravida Munnetra Kazhagam,Rising sun
Coimbatore (South),3,PERARIVALAN. V,Naam Tamilar Katchi,Farmer Carrying Plough
Coimbatore (South),4,GOKULA KRISHNAN.S,Tamizhaga Vaazhvurimai Katchi,Camera
Coimbatore (South),5,V. SENTHILKUMAR,Tamilaga Vettri Kazhagam,Whistle
Coimbatore (South),6,B. DHANDAPANI,New Generation People's Party,Battery Torch
Coimbatore (South),7,G. MAHESHWARAN,Tamizhaga Murpokku Makkal Katchi,Gas cylinder
Coimbatore (South),8,N. ABILAZAN,Independent,Balloon
Coimbatore (South),9,IMTHIYAS,Independent,Diamond
Coimbatore (South),10,P. KATHIRAVAN,Independent,Mike
Coimbatore (South),11,GOPALAKRISHNAN,Independent,Belt
Coimbatore (South),12,P. SANGARARAJ,Independent,Gas Stove
Coimbatore (South),13,J. SURIYAKUMAR,Independent,Mixee
Coimbatore (South),14,M. SENTHILKUMAR,Independent,Pen nib with seven rays
Coimbatore (South),15,V. SENTHILKUMAR,Independent,Lady finger
Coimbatore (South),16,K. DINESH KUMAR,Independent,Electric pole
Coimbatore (South),17,P. PALANIVEL,Independent,Ginger
Coimbatore (South),18,J. PRAVEENKUMAR,Independent,Letter box
Coimbatore (South),19,T. MAGIZHAN,Independent,Bat
Coimbatore (South),20,P. MANOJ,Independent,Kettle
Coimbatore (South),21,B. YUVARAJ,Independent,Bangles
Coimbatore (South),22,S. RANGARAJ,Independent,Crane
Coimbatore (South),23,M. RAVICHANDRAN,Independent,Grapes
Coimbatore (South),24,K.S. RAJAGOPAL,Independent,Ring
Coimbatore (South),25,K. RAJAPANDIAN,Independent,Telephone
Coimbatore (South),26,D. VIGNESHWARAN,Independent,Violin
Coimbatore (South),27,K. VIJAYAN,Independent,Water melon
Coimbatore (South),28,VENKATACHALAM PARAMASIVAM,Independent,Ship
Coimbatore (South),29,V. VELMURUGAN,Independent,Helmet
Coimbatore (South),30,M. JOHN BOSCO,Independent,Green chilli
Coimbatore (South),31,L. HAKKIM,Independent,Matchbox
Singanallur,1,SIVAJI PERUMAL,Bahujan Samaj Party,Elephant
Singanallur,2,NEHRUJI GUNASEKARAN,Naam Tamilar Katchi,Farmer Carrying Plough
Singanallur,3,K.R.JAYARAM,All India Anna Dravida Munnetra Kazhagam,Two leaves
Singanallur,4,V.SRINIDHI,Indian National Congress,Hand
Singanallur,5,N.R.APPATHURAI,All India Puratchi Thalaivar Makkal Munnettra Kazhagam,Coconut farm
Singanallur,6,SARVESWARAN,Party for the Rights of Other backward Classes,Laptop
Singanallur,7,S.S.SUNDHARAM,Rashtriya Samaj Dal (R),Pressure cooker
Singanallur,8,MURUGAN.O,Ganasangam Party of India,Lady finger
Singanallur,9,K.S.SRI GIRI PRASATH,Tamilaga Vettri Kazhagam,Whistle
Singanallur,10,AKBAR ALI,Independent,Pen nib with seven rays
Singanallur,11,M.ASHOK KUMAR,Independent,Bat
Singanallur,12,AYOOB RIYAS,Independent,Triangle
Singanallur,13,N.RAJASEKARAN,Independent,Tennis racket & ball
Singanallur,14,UMA PARAMASIVAM,Independent,Flute
Singanallur,15,KARTHIK,Independent,Wall hook
Singanallur,16,K.KUMAR BABU,Independent,Ring
Singanallur,17,S.SATHEESH,Independent,School bag
Singanallur,18,SUBARAMANIAN.N,Independent,Gas cylinder
Singanallur,19,P.TAMILSELVI,Independent,Matchbox
Singanallur,20,THAHIR HUSSAIN,Independent,Diamond
Singanallur,21,V.BALAMURUGAN,Independent,Balloon
Singanallur,22,R.MANIKANDABRABHU,Independent,Ship
Singanallur,23,A.MOUNAKUMAR,Independent,Stumps
Singanallur,24,DR.K.RAJKUMAR,Independent,Bucket
Singanallur,25,RAJKUMAR.M,Independent,Jackfruit
Singanallur,26,VASANTHI,Independent,Bangles
Singanallur,27,VIJAYAKUMAR,Independent,Bricks
Singanallur,28,JANANI.D,Independent,Mike
Kinathukadavu,1,SABARI KARTHIKEYAN K.V.K.S,Dravida Munnetra Kazhagam,Rising sun
Kinathukadavu,2,DAMODARAN S,All India Anna Dravida Munnetra Kazhagam,Two leaves
Kinathukadavu,3,BANUPRIYA M,Naam Tamilar Katchi,Farmer Carrying Plough
Kinathukadavu,4,MARIYAPPAN R,Ganasangam Party of India,Lady finger
Kinathukadavu,5,VIGNESH K,Tamilaga Vettri Kazhagam,Whistle
Pollachi,1,C.M. ARUCHAMY,Bahujan Samaj Party,Elephant
Pollachi,2,N. SENTHIL KUMAR,Naam Tamilar Katchi,Farmer Carrying Plough
Pollachi,3,K. NITHYANANDHAN,Dravida Munnetra Kazhagam,Rising sun
Pollachi,4,POLLACHI V. JAYARAMAN,All India Anna Dravida Munnetra Kazhagam,Two leaves
Pollachi,5,G. RAMANATHAN,Tamilaga Vettri Kazhagam,Whistle
Pollachi,6,V. KARTHIKEYAN,Independent,Throwing a javelin
Pollachi,7,P. NAGARAJ,Independent,Bench
Pollachi,8,T. NITHYANANTHAM,Independent,Socks
Pollachi,9,K. NITHYANANDAN,Independent,Shutter
Pollachi,10,M. JAYAPRATHAP,Independent,Dolli
Pollachi,11,S. JEYARAM,Independent,Tennis racket & ball
Pollachi,12,M. JAYARAM,Independent,Tea filter
Pollachi,13,M. JAYARAMAN,Independent,CCTV Camera
Valparai,1,UMADEVI. P,Naam Tamilar Katchi,Farmer Carrying Plough
Valparai,2,KUTTY (ALIAS) SUDHAKAR. A,Dravida Munnetra Kazhagam,Rising sun
Valparai,3,LEKSHMANA SINGH. D,All India Anna Dravida Munnetra Kazhagam,Two leaves
Valparai,4,DR. SRIDHARAN. A,Tamilaga Vettri Kazhagam,Whistle
Valparai,5,PERUMAL. K,Independent,Bat
Valparai,6,LAKSHMI. N,Independent,Electric pole
Udumalaipettai,1,RADHAKRISHNAN K.,All India Anna Dravida Munnetra Kazhagam,Two leaves
Udumalaipettai,2,RAM KUMAR M.,Naam Tamilar Katchi,Farmer Carrying Plough
Udumalaipettai,3,JAYAKUMAR M.,Dravida Munnetra Kazhagam,Rising sun
Udumalaipettai,4,SANKAR K.,Tamilaga Vettri Kazhagam,Whistle
Udumalaipettai,5,UMAR ALI D.,Independent,Battery Torch
Udumalaipettai,6,ELSY C.,Independent,Electric pole
Udumalaipettai,7,GANESH S.,Independent,Coconut farm
Udumalaipettai,8,KALIMUTHU S.,Independent,Bat
Udumalaipettai,9,PADMENDRAPRAKASH A.,Independent,Pen nib with seven rays
Udumalaipettai,10,MAHENDRAN A.,Independent,Ring
Udumalaipettai,11,RAMASAMY S.,Independent,Letter box
Madathukulam,1,M RADHAMANI,Naam Tamilar Katchi,Farmer Carrying Plough
Madathukulam,2,R JAYARAMAKRISHNAN,Dravida Munnetra Kazhagam,Rising sun
Madathukulam,3,C SHANMUGAVELU,Amma Makkal Munnettra Kazagam,Pressure cooker
Madathukulam,4,AK SENTHILKUMAR,Puthiya Tamilagam,Gas cylinder
Madathukulam,5,R THIRUMALAI,Tamilaga Vettri Kazhagam,Whistle
Madathukulam,6,M AHAMED ALI,Independent,Camera
Madathukulam,7,A SHANMUGAVEL,Independent,Pestle and mortar
Madathukulam,8,K SHANMUGAVEL,Independent,Noodles bowl
Madathukulam,9,S SHANMUGAVEL,Independent,Kettle
Madathukulam,10,M SHANUGAVEL,Independent,Diamond
Madathukulam,11,P THANGARAJ,Independent,Ring
Madathukulam,12,SP MAHENDRAN,Independent,Electric pole
Madathukulam,13,K VADIVAZHAGAN BALAJI,Independent,Telephone
Palani,1,NACHIMUTHU. S,Bahujan Samaj Party,Elephant
Palani,2,PANDI. N,Communist Party of India (Marxist),Hammer Sickle and Star
Palani,3,MURUGESWARI. B,Naam Tamilar Katchi,Farmer Carrying Plough
Palani,4,RAVIMANOHARAN. K,All India Anna Dravida Munnetra Kazhagam,Two leaves
Palani,5,DR. PRAVEEN KUMAR. M,Tamilaga Vettri Kazhagam,Whistle
Palani,6,RAMAMOORTHI. G,Rashtriya Samaj Dal (R),Ring
Palani,7,VAYKKALDURAI. K,Puthiya Tamilagam,Gas cylinder
Palani,8,ASHOKKUMAR. G,Independent,Computer
Palani,9,ANBARASU. R,Independent,Dish antenna
Palani,10,THANNASIAPPAN. P,Independent,Coconut farm
Palani,11,THIRUMALAISAMY. B,Independent,Sewing machine
Palani,12,BALACHANDRAN. M,Independent,Electric pole
Palani,13,PRAVEENKUMAR. R,Independent,Bat
Palani,14,MADHESWARI. R,Independent,Bead necklace
Palani,15,JAYAKUMAR. T,Independent,Pen nib with seven rays
Oddanchatram,1,SAKKARAPANI. R,Dravida Munnetra Kazhagam,Rising sun
Oddanchatram,2,MURUGARAJ. P,Bahujan Samaj Party,Elephant
Oddanchatram,3,RAGUPATHI. P,Naam Tamilar Katchi,Farmer Carrying Plough
Oddanchatram,4,VIDIYAL S. SEKAR,Bharatiya Janata Party,Lotus
Oddanchatram,5,MOHAN. S,Tamilaga Vettri Kazhagam,Whistle
Oddanchatram,6,ALAGIYANNAN. A,Independent,Pen nib with seven rays
Oddanchatram,7,ARUMUGAM. M,Independent,Gas cylinder
Oddanchatram,8,ANANTHRAJ. T,Independent,Cauliflower
Oddanchatram,9,KUMARRATHINAM. M,Independent,Sitar
Oddanchatram,10,CHELLAMUTHU. K,Independent,Cake
Oddanchatram,11,NAGUL PRAKASH. A,Independent,Trumpet
Oddanchatram,12,PRABAHARAN. M,Independent,Diamond
Oddanchatram,13,MANIKANNAN. A,Independent,Coconut farm
Oddanchatram,14,RAGHUNATH. K,Independent,Computer
Athoor,1,S. KARTHIGAISELVAN,Bahujan Samaj Party,Elephant
Athoor,2,DR. A. SIMON JUSTIN,Naam Tamilar Katchi,Farmer Carrying Plough
Athoor,3,I. PERIASAMY,Dravida Munnetra Kazhagam,Rising sun
Athoor,4,A. VISWANATHAN,All India Anna Dravida Munnetra Kazhagam,Two leaves
Athoor,5,N. KALAISELVI,Tamilaga Vettri Kazhagam,Whistle
Athoor,6,D. SANKAR,Naadaalum Makkal Katchi,Pen nib with seven rays
Athoor,7,M.K. NAGENDRAN,Aanaithinthiya Jananayaka Pathukappu Kazhagam,Pressure cooker
Athoor,8,S. BALA MURUGAN,Tamizhaga Vaazhvurimai Katchi,Camera
Athoor,9,K. JAYAPRAKASH,Puthiya Tamilagam,Gas cylinder
Athoor,10,K. KATHIRESAN,Independent,Coconut farm
Athoor,11,D. NAGARAJ,Independent,Air conditioner
Athoor,12,M. PERIYASAMY,Independent,Bat
Athoor,13,P. MANIVEL,Independent,Truck
Athoor,14,K. VISVANATHAN,Independent,Cot
Athoor,15,K. VELMURUGAN,Independent,Electric pole
Nilakkottai,1,D.KAILAI RAJAN,Naam Tamilar Katchi,Farmer Carrying Plough
Nilakkottai,2,S.THENMOZHI,All India Anna Dravida Munnetra Kazhagam,Two leaves
Nilakkottai,3,S.NAGAJOTHI,Dravida Munnetra Kazhagam,Rising sun
Nilakkottai,4,RAJALAKSHMI.M,Bahujan Samaj Party,Elephant
Nilakkottai,5,R.AYYANAR,Tamilaga Vettri Kazhagam,Whistle
Nilakkottai,6,G.ANBALAGAN,All India Puratchi Thalaivar Makkal Munnettra Kazhagam,Coconut farm
Nilakkottai,7,P.SANKAR,Puthiya Tamilagam,Gas cylinder
Nilakkottai,8,P.SELVAM,Republican Party of India (A),Ganna kisan
Nilakkottai,9,A.ALAPPAN,Independent,Sitar
Nilakkottai,10,S.KARUPPAIAH,Independent,Electric pole
Nilakkottai,11,CHELLAM,Independent,Iron
Nilakkottai,12,N.PERUMAL,Independent,Television
Nilakkottai,13,P.MANIKANDAN,Independent,Peas
Nilakkottai,14,M.MANOHARAN,Independent,Ring
Nilakkottai,15,M.VIJAYAPANDIAN,Independent,Pen nib with seven rays
Natham,1,ALAGAMMAL A,Naam Tamilar Katchi,Farmer Carrying Plough
Natham,2,SELVAKUMAR K,Dravida Munnetra Kazhagam,Rising sun
Natham,3,NATHAM R VISWANATHAN,All India Anna Dravida Munnetra Kazhagam,Two leaves
Natham,4,ALEX S,Tamizhaga Vaazhvurimai Katchi,Camera
Natham,5,RAMESH L N,Tamilaga Vettri Kazhagam,Whistle
Natham,6,RAJASEKARAN P,Aanaithinthiya Jananayaka Pathukappu Kazhagam,Gas cylinder
Natham,7,VIJAYAKUMAR S,Puthiya Tamilagam,Box
Natham,8,GOPAL R,Independent,Diamond
Natham,9,SATHAM USAIN M,Independent,Bat
Natham,10,SUNDAR C,Independent,Balloon
Natham,11,DHANDABANI K,Independent,Dish antenna
Natham,12,TAMILSELVAN C,Independent,Flute
Natham,13,MANIKANDAN V,Independent,Road roller
Natham,14,MARIA AROCKIAM S,Independent,Cot
Natham,15,MURUGAN K,Independent,Black board
Natham,16,MURUGESAN C,Independent,Television
Natham,17,RAMA JANARTHANAN S,Independent,Laptop
Natham,18,VADIVEL K,Independent,Water tank
Natham,19,VIJAYAKUMAR S,Independent,Bucket
Natham,20,VENKATESAN G,Independent,Computer
Natham,21,VENKATESH P,Independent,Cauliflower
Dindigul,1,SREENIVASAN. C,All India Anna Dravida Munnetra Kazhagam,Two leaves
Dindigul,2,SENTHILKUMAR. I.P,Dravida Munnetra Kazhagam,Rising sun
Dindigul,3,MUTHARASI. S,Naam Tamilar Katchi,Farmer Carrying Plough
Dindigul,4,GOPI KRISHNAN PILLAI. S,Rashtriya Samaj Dal (R),Ring
Dindigul,5,SHEIK BAREETH.B,Tamizhaga Vaazhvurimai Katchi,Camera
Dindigul,6,NAZEER RAJA. G,Tamilaga Vettri Kazhagam,Whistle
Dindigul,7,PRADEEP. M,Puthiya Tamilagam,Gas cylinder
Dindigul,8,RAMUTHEVAR. P,All India Puratchi Thalaivar Makkal Munnettra Kazhagam,Coconut farm
Dindigul,9,ANIS BABU. M,Independent,Diamond
Dindigul,10,AROCKIA DASS. J,Independent,Balloon
Dindigul,11,UMAR ALI. R,Independent,Computer
Dindigul,12,GANESH PERUMAL. D,Independent,Batsman
Dindigul,13,KARMEGAM. R,Independent,Laptop
Dindigul,14,SARANYA. M,Independent,Truck
Dindigul,15,SEENIVASAN. P,Independent,Battery Torch
Dindigul,16,SELVADHAYANITHI. M,Independent,Socks
Dindigul,17,NAGARAJ. N,Independent,Road roller
Dindigul,18,BABU. S,Independent,Pencil box
Dindigul,19,MUNIYAPPAN. M,Independent,Belt
Dindigul,20,RAJENDRAN. G,Independent,Bat
Vedasandur,1,KHAJA HUSSAIN AHAMED. A,Naam Tamilar Katchi,Farmer Carrying Plough
Vedasandur,2,SAMINATHAN. T,Dravida Munnetra Kazhagam,Rising sun
Vedasandur,3,PARAMASIVAM. V.P.B.,All India Anna Dravida Munnetra Kazhagam,Two leaves
Vedasandur,4,DR.NAKAJOTHI. N,Tamilaga Vettri Kazhagam,Whistle
Vedasandur,5,BOOMIRAJ. K,Samaniya Makkal Nala Katchi,Walking stick
Vedasandur,6,RAMESH. T,Tamizhaga Vaazhvurimai Katchi,Camera
Vedasandur,7,RAVI. R,Communist Party of India (Marxist-Leninist) (Liberation),Flag with three stars
Vedasandur,8,SURESH. B,Independent,Bat
Vedasandur,9,SELVARAJ. V,Independent,Computer
Vedasandur,10,DHIVAKAR. A,Independent,Gift pack
Vedasandur,11,NATCHIMUTHU. R,Independent,Box
Vedasandur,12,MANIKANDAPRABHU. N C,Independent,Pressure cooker
Vedasandur,13,MANEESHANKAR. M.G.,Independent,Jackfruit
Vedasandur,14,MARIMUTHU. S,Independent,Table
Vedasandur,15,MURUGAN. V,Independent,Diamond
Aravakurichi,1,ELANGO R,Dravida Munnetra Kazhagam,Rising sun
Aravakurichi,2,SUGANYA S,Bahujan Samaj Party,Elephant
Aravakurichi,3,SELVAKUMAR K,All India Anna Dravida Munnetra Kazhagam,Two leaves
Aravakurichi,4,NAREN S,Naam Tamilar Katchi,Farmer Carrying Plough
Aravakurichi,5,ASIYA BEGUM,All India Puratchi Thalaivar Makkal Munnettra Kazhagam,Coconut farm
Aravakurichi,6,KARTHIKEYAN P,Tamilaga Vettri Kazhagam,Whistle
Aravakurichi,7,SAKTHIVEL R,Viduthalai Kalam Katchi,Gas cylinder
Aravakurichi,8,RAVI AG,Tamizhaga Vaazhvurimai Katchi,Camera
Aravakurichi,9,ARASUMANI G,Independent,Road roller
Aravakurichi,10,ARIVALAGAN M,Independent,Bench
Aravakurichi,11,KATHIRESAN M,Independent,Flute
Aravakurichi,12,KAVIYARASU T,Independent,Scissors
Aravakurichi,13,KIRUBANANTH S,Independent,Cauliflower
Aravakurichi,14,SILAMBARASAN P,Independent,Head phone
Aravakurichi,15,SIVALINGAM T,Independent,Pen drive
Aravakurichi,16,SOWMIYA R,Independent,Calculator
Aravakurichi,17,TAMILARASAN M,Independent,Football player
Aravakurichi,18,NATARAJAN P,Independent,Diamond
Aravakurichi,19,NARENDRAKUMAR G,Independent,Black board
Aravakurichi,20,NATCHIMUTHU V,Independent,Hand cart
Aravakurichi,21,PRAVEEN S,Independent,Truck
Aravakurichi,22,BOOPATHY S,Independent,Sitar
Aravakurichi,23,MANIKANDAN T,Independent,CCTV Camera
Aravakurichi,24,MATHIYALAGAN P,Independent,Telephone
Aravakurichi,25,MURUGESAN R,Independent,Baby walker
Aravakurichi,26,MOHANKUMAR K,Independent,Batsman
Aravakurichi,27,RAGUPATHI S,Independent,Electric pole
Aravakurichi,28,RAMALINGAM V,Independent,Grapes
Aravakurichi,29,RAJASEKARAN N,Independent,Water melon
Aravakurichi,30,RAJENDARAN N,Independent,Gas Stove
Karur,1,KARUPPAIYA. R,Naam Tamilar Katchi,Farmer Carrying Plough
Karur,2,AASEE.M. THIAGARAJAN,Dravida Munnetra Kazhagam,Rising sun
Karur,3,M.R. VIJAYABHASKAR,All India Anna Dravida Munnetra Kazhagam,Two leaves
Karur,4,JAYAGOPAL. P,Bahujan Samaj Party,Elephant
Karur,5,KALIMUTHU. V,Samaniya Makkal Nala Katchi,Walking stick
Karur,6,GUNASEKARAN. K,Tamizhaga Vaazhvurimai Katchi,Camera
Karur,7,MATHIYALAGAN  V.P,Tamilaga Vettri Kazhagam,Whistle
Karur,8,RAMACHANDRAN. A,Ganasangam Party of India,Lady finger
Karur,9,ASARUDHEEN. A,Independent,Harmonium
Karur,10,ARULMANIYARASU. P,Independent,Diesel pump
Karur,11,ANBARASAN. N,Independent,Jackfruit
Karur,12,ANBAZHAGAN. T,Independent,Diamond
Karur,13,ELAMATHI. S,Independent,Pen drive
Karur,14,KATHIRAVAN. P,Independent,Table
Karur,15,KATHIRVEL. K,Independent,Bench
Karur,16,KANDASAMY. P,Independent,Door bell
Karur,17,KARUNAMOORTHY. S,Independent,Tennis racket & ball
Karur,18,KALAIRAJ. K,Independent,Water melon
Karur,19,KANAGARAJ. S,Independent,Tiller
Karur,20,KANAGARAJ. P,Independent,Pen stand
Karur,21,KARTHIKPERUMAL. R,Independent,Letter box
Karur,22,KALIMUTHU. R,Independent,Hand cart
Karur,23,KRISHNAKUMAR. K,Independent,Computer
Karur,24,GOPALA KRISHNAN. A,Independent,Pestle and mortar
Karur,25,SATHISH KUMAR. S,Independent,Gramophone
Karur,26,SATHISH. P,Independent,Ring
Karur,27,SAMPATH. S,Independent,CCTV Camera
Karur,28,SARAVANAN. R,Independent,Gas Stove
Karur,29,SIVAKUMAR. A,Independent,Matchbox
Karur,30,SIVAKUMAR. N,Independent,Laptop
Karur,31,SIVAKUMAR. V,Independent,Chess board
Karur,32,SEETHA LAKSHMI. D,Independent,T.V. Remote
Karur,33,SUBASH MALAYALAM. T,Independent,Rubber stamp
Karur,34,SURIYAKUMAR. J,Independent,Funnel
Karur,35,SENBAGAKUMAR. L,Independent,Grapes
Karur,36,SENTHILKUMAR. G,Independent,Bat
Karur,37,SENTHILKUMAR. M,Independent,Chakki
Karur,38,SOUNDARA RAJAN. R,Independent,Stool
Karur,39,SOUNDARYAN. K,Independent,Black board
Karur,40,DANIYA. P,Independent,Gas cylinder
Karur,41,THANGAVELRAJ. S,Independent,Chimney
Karur,42,THAMILALAGAN. A,Independent,Immersion rod
Karur,43,THIYAGARAJAN. M,Independent,Lighter
Karur,44,THIRUGNANAM. M,Independent,Nail cutter
Karur,45,DINESH. B,Independent,Bangles
Karur,46,DINESH KUMAR. K,Independent,Coat
Karur,47,DURAISAMY. J,Independent,Chain
Karur,48,DEVASTIN AUGUSTIN. G,Independent,Tooth paste
Karur,49,NANDHAKUMAR. A,Independent,Brief case
Karur,50,PARAMESWARI,Independent,Coconut farm
Karur,51,PALAMUTHIR SELVAN. O,Independent,Ship
Karur,52,PALANIRAJAN. K,Independent,Refrigerator
Karur,53,PALANIVEL. P,Independent,Pressure cooker
Karur,54,BABU. G,Independent,Pen nib with seven rays
Karur,55,BHARATHI. P,Independent,Balloon
Karur,56,BASKAR. P,Independent,Batsman
Karur,57,PRAKASH. N,Independent,Noodles bowl
Karur,58,PRASANTH. S,Independent,Television
Karur,59,PRAVEENKUMAR. J,Independent,Peas
Karur,60,MANIKANDAN,Independent,Capsicum
Karur,61,MATHANRAJ. P,Independent,Ludo
Karur,62,MAILVAGANAN. B,Independent,Sitar
Karur,63,MANOJ. P,Independent,Football player
Karur,64,MARIAMMAL. P.M,Independent,Box
Karur,65,MOHAMAD ISMAIL. M,Independent,Mike
Karur,66,MUTHU. K.R,Independent,Scissors
Karur,67,MURALI. M,Independent,Computer mouse
Karur,68,YOONUS ALI. R,Independent,Cake
Karur,69,RAGURAMAN MURUGANANTHAM,Independent,Gift pack
Karur,70,RAJAPANDIAN. K,Independent,Hour glass
Karur,71,VANITHA. K.M,Independent,Flute
Karur,72,VIGNESHWARAN. D,Independent,Calculator
Karur,73,VINEETH. B,Independent,Drill machine
Karur,74,VINOTHKUMAR.  N,Independent,Dish antenna
Karur,75,VIJAYA BASKAR. R.V,Independent,Brush
Karur,76,VIJAYAN. K,Independent,Electric pole
Karur,77,STEPHENRAJ. L,Independent,Helmet
Karur,78,HARI RAAJ. B,Independent,Air conditioner
Karur,79,HARIHARAN. S,Independent,Well
Krishnarayapuram,1,GOMATHI. M,Bahujan Samaj Party,Elephant
Krishnarayapuram,2,SATHIYA. V,Naam Tamilar Katchi,Farmer Carrying Plough
Krishnarayapuram,3,DR. DHIVYA. S,All India Anna Dravida Munnetra Kazhagam,Two leaves
Krishnarayapuram,4,RAJA. C.K,Dravida Munnetra Kazhagam,Rising sun
Krishnarayapuram,5,SATHYA. M,Tamilaga Vettri Kazhagam,Whistle
Krishnarayapuram,6,SARAVANAN. V,Tamizhaga Vaazhvurimai Katchi,Camera
Krishnarayapuram,7,SOUNDRAPANDIAN. S,Ganasangam Party of India,Lady finger
Krishnarayapuram,8,BALSAMY. B,Naadaalum Makkal Katchi,Pen nib with seven rays
Krishnarayapuram,9,RAJAGURU.M,Samaniya Makkal Nala Katchi,Walking stick
Krishnarayapuram,10,INDRAGANDHI. P,Independent,Jackfruit
Krishnarayapuram,11,GANESAN. P,Independent,Computer
Krishnarayapuram,12,SAKTHIVEL. A,Independent,Television
Krishnarayapuram,13,SASIKUMAR. M,Independent,Coconut farm
Krishnarayapuram,14,SENTHIL. P.M.,Independent,Bat
Krishnarayapuram,15,CHELLADURAI. M,Independent,Pressure cooker
Krishnarayapuram,16,SELVAKUMAR. S,Independent,Matchbox
Krishnarayapuram,17,DINESH KUMAR.A,Independent,Ring
Krishnarayapuram,18,DINESH KUMAR. N,Independent,Laptop
Krishnarayapuram,19,NAVEENTH. M,Independent,Chess board
Krishnarayapuram,20,PARAMESWARAN. M,Independent,Electric pole
Krishnarayapuram,21,PRASANTH. D,Independent,Cauliflower
Krishnarayapuram,22,BABY. P,Independent,Bench
Krishnarayapuram,23,PORSELVAN. B.S,Independent,Gift pack
Krishnarayapuram,24,MAHAMUNI. A,Independent,Biscuit
Krishnarayapuram,25,MANICKAVEL. R,Independent,Diamond
Krishnarayapuram,26,MURUGAN. S,Independent,Battery Torch
Krishnarayapuram,27,MURUGANANDHAM. P.K,Independent,Harmonium
Krishnarayapuram,28,VIMALRAJ. S,Independent,Telephone
Kulithalai,1,S.KARUNAKARAN,All India Anna Dravida Munnetra Kazhagam,Two leaves
Kulithalai,2,SURIYANUR A CHANDRAN,Dravida Munnetra Kazhagam,Rising sun
Kulithalai,3,SELVA.NANMAARAN,Naam Tamilar Katchi,Farmer Carrying Plough
Kulithalai,4,BALASUBRAMANI G,Tamilaga Vettri Kazhagam,Whistle
Kulithalai,5,P.MURUGAN,Ganasangam Party of India,Lady finger
Kulithalai,6,M.ARUNKUMAR,Independent,Bread
Kulithalai,7,R.ARUNKUMAR,Independent,Bucket
Kulithalai,8,S.IMRANKHAN,Independent,Belt
Kulithalai,9,O.KATHALINGAM,Independent,Camera
Kulithalai,10,M.GAYATHIRI,Independent,Brief case
Kulithalai,11,B.KAJAA MOHIDEEN,Independent,Bangles
Kulithalai,12,CHANDRASEKAR.P,Independent,Gas cylinder
Kulithalai,13,J.SANTHOSH KUMAR,Independent,Black board
Kulithalai,14,B.SAMPATHKUMAR,Independent,Bead necklace
Kulithalai,15,D.SARAVANAN,Independent,Baby walker
Kulithalai,16,V.CHINNASAMY,Independent,Box
Kulithalai,17,S.SENTHIL KUMAR,Independent,Batsman
Kulithalai,18,P.SELVAKUMAR,Independent,Almirah
Kulithalai,19,T.SELVARAJ,Independent,Helmet
Kulithalai,20,K.SHEIK ANWARDEEN,Independent,Boat with man and sail
Kulithalai,21,M.TAMILSELVAN,Independent,Biscuit
Kulithalai,22,J.PRATHAP,Independent,Bench
Kulithalai,23,M.MAYILVAGANAN,Independent,Cake
Kulithalai,24,J.MADHAVAN,Independent,Air conditioner
Kulithalai,25,T.MURUGANTHAM,Independent,Television
Kulithalai,26,N.RAMAKRISHNAN,Independent,Bat
Kulithalai,27,M.VADIVELAN,Independent,Brush
Kulithalai,28,K.VEERAMALAI,Independent,Bicycle pump
Kulithalai,29,K.HAKKIM,Independent,Balloon
Manapparai,1,P. ABDUL SAMED,Dravida Munnetra Kazhagam,Rising sun
Manapparai,2,M. ARUNAGIRI,Naam Tamilar Katchi,Farmer Carrying Plough
Manapparai,3,DR. PL. VIJAYAKUMAR,All India Anna Dravida Munnetra Kazhagam,Two leaves
Manapparai,4,AROCKIARAJ .A,Samaniya Makkal Nala Katchi,Walking stick
Manapparai,5,R. KATHIRAVAN,Tamilaga Vettri Kazhagam,Whistle
Manapparai,6,P. MEENA,Puthiya Tamilagam,Gas cylinder
Manapparai,7,RAJAVARMAN .R,Tamizhaga Vaazhvurimai Katchi,Camera
Manapparai,8,A. RAMAN,Independent,Water melon
Manapparai,9,KATHIRAVAN .M,Independent,Ship
Manapparai,10,M. KARUPPAN,Independent,Diamond
Manapparai,11,KUTTAIAN,Independent,Bucket
Manapparai,12,SARPHUDIN,Independent,Television
Manapparai,13,P. CHINNAN,Independent,Cake
Manapparai,14,A. SENTHIL KUMAR,Independent,Gift pack
Manapparai,15,PERIYAKKA,Independent,Matchbox
Manapparai,16,RAJESH .M,Independent,Tennis racket & ball
Manapparai,17,P. VIJAYAKUMAR,Independent,Balloon
Manapparai,18,M. VIJAYA KUMAR,Independent,Scissors
Srirangam,1,ALLIMUTHU.M,Bahujan Samaj Party,Elephant
Srirangam,2,DHARMARAJ. M,Naam Tamilar Katchi,Farmer Carrying Plough
Srirangam,3,S. DURAIRAJ,Dravida Munnetra Kazhagam,Rising sun
Srirangam,4,R.MANOHARAN,All India Anna Dravida Munnetra Kazhagam,Two leaves
Srirangam,5,KAMARAJ.K,Samaniya Makkal Nala Katchi,Walking stick
Srirangam,6,KUMAR. P,Akila Inthiya Makkal Marumalarchi Kazhakam,Bicycle pump
Srirangam,7,K. SAKTHIVEL,Anna Puratchi Thalaivar Amma Dravida Munnetra Kazhagam,Jackfruit
Srirangam,8,NEWTON.A,Puthiya Tamilagam,Gas cylinder
Srirangam,9,MURALI .N,Tamizhaga Vaazhvurimai Katchi,Camera
Srirangam,10,RAMESH,Tamilaga Vettri Kazhagam,Whistle
Srirangam,11,VIJAY .A,All India Puratchi Thalaivar Makkal Munnettra Kazhagam,Coconut farm
Srirangam,12,ANBARASAN.M,Independent,CCTV Camera
Srirangam,13,KARTHICK.S,Independent,Gas Stove
Srirangam,14,KRISHNAKUMAR.A,Independent,Batsman
Srirangam,15,SHASHI KIRAN .K .N,Independent,Diamond
Srirangam,16,S. DURAIRAJ,Independent,Cauliflower
Srirangam,17,PARAMASIVAM,Independent,Box
Srirangam,18,MOHAMED MUSTHAFA. M,Independent,Pen stand
Srirangam,19,MUTHUKUMAR.P,Independent,Air conditioner
Srirangam,20,RAMESH.R,Independent,Clip
Srirangam,21,RAVICHANDIRAN.N,Independent,Belt
Tiruchirappalli (West),1,CHINNAIYAN POOSARI,Bahujan Samaj Party,Elephant
Tiruchirappalli (West),2,K.N.NEHRU,Dravida Munnetra Kazhagam,Rising sun
Tiruchirappalli (West),3,K.BHUVANESWARI,Naam Tamilar Katchi,Farmer Carrying Plough
Tiruchirappalli (West),4,M.RAJASEKARAN,Amma Makkal Munnettra Kazagam,Pressure cooker
Tiruchirappalli (West),5,R.PRABU,Tamizhaga Vaazhvurimai Katchi,Camera
Tiruchirappalli (West),6,G.RAMAMOORTHI,Tamilaga Vettri Kazhagam,Whistle
Tiruchirappalli (West),7,A.VEERAMANI,Samaniya Makkal Nala Katchi,Walking stick
Tiruchirappalli (West),8,M.KALAIMANI,Independent,Matchbox
Tiruchirappalli (West),9,M.CHANDRASEKARAN,Independent,Flute
Tiruchirappalli (West),10,SAMPATH,Independent,Battery Torch
Tiruchirappalli (West),11,SUNDARAPANDIYARAJA,Independent,Gas cylinder
Tiruchirappalli (West),12,P.RAJENDRAN,Independent,Coconut farm
Tiruchirappalli (West),13,A.VASUDEVAN,Independent,Almirah
Tiruchirappalli (West),14,JEEVANANTHAM.M,Independent,Diamond
Tiruchirappalli (East),1,R. ELANGOVAN,Bahujan Samaj Party,Elephant
Tiruchirappalli (East),2,S. INIGO IRUDAYARAJ,Dravida Munnetra Kazhagam,Rising sun
Tiruchirappalli (East),3,DR.KRISHNASAMY .V,Naam Tamilar Katchi,Farmer Carrying Plough
Tiruchirappalli (East),4,G. RAJASEKARAN,All India Anna Dravida Munnetra Kazhagam,Two leaves
Tiruchirappalli (East),5,ANAND SELVARAJ,National Maha Sabha Party,Ship
Tiruchirappalli (East),6,N. GOBINATH,Puthiya Tamilagam,Gas cylinder
Tiruchirappalli (East),7,SUKUMAR .S,Thamizhaka Padaippalar Makkal Katchi,Drill machine
Tiruchirappalli (East),8,C. NANDA KUMAR,All India Puratchi Thalaivar Makkal Munnettra Kazhagam,Coconut farm
Tiruchirappalli (East),9,R. MUTHUKUMAR,Samaniya Makkal Nala Katchi,Walking stick
Tiruchirappalli (East),10,ROYAL RAJA,Tamizhaga Vaazhvurimai Katchi,Camera
Tiruchirappalli (East),11,VIJAY .K,All India Jananayaka Makkal Kazhagam,Trumpet
Tiruchirappalli (East),12,VIJAIA MOHANAAJI .MA,Vidial Valarchi Perani,Chappals
Tiruchirappalli (East),13,C. JOSEPH VIJAY,Tamilaga Vettri Kazhagam,Whistle
Tiruchirappalli (East),14,T. GANGAI ULAGANATHAN,Independent,Ring
Tiruchirappalli (East),15,KANNAN .S,Independent,Mike
Tiruchirappalli (East),16,P. CHARLES SAGAYARAJ,Independent,Plate stand
Tiruchirappalli (East),17,G. SEBASTIAN ANAND,Independent,Diamond
Tiruchirappalli (East),18,S. PANNEER SELVAM,Independent,Scissors
Tiruchirappalli (East),19,J. ROBERT CHRISTY,Independent,Matchbox
Tiruchirappalli (East),20,P. RAJENDRAN,Independent,Bat
Thiruverumbur,1,ANBIL MAHESH POYYAMOZHI,Dravida Munnetra Kazhagam,Rising sun
Thiruverumbur,2,KUMAR. P,All India Anna Dravida Munnetra Kazhagam,Two leaves
Thiruverumbur,3,RAJESSH. T,Naam Tamilar Katchi,Farmer Carrying Plough
Thiruverumbur,4,VISITHRA. S,Bahujan Samaj Party,Elephant
Thiruverumbur,5,KUMARAVEL. T,Thamizhaka Padaippalar Makkal Katchi,Drill machine
Thiruverumbur,6,PITCHAIMUTHU. A,Puthiya Tamilagam,Gas cylinder
Thiruverumbur,7,RANJITH. S,Tamizhaga Vaazhvurimai Katchi,Camera
Thiruverumbur,8,VIJAYAKUMAR (A) NAVALPATTU S. VIJI,Tamilaga Vettri Kazhagam,Whistle
Thiruverumbur,9,JOSEPH. L,Samaniya Makkal Nala Katchi,Walking stick
Thiruverumbur,10,YESURAJ. I,Independent,Bucket
Thiruverumbur,11,KUMAR. K,Independent,Box
Thiruverumbur,12,KUMAR. P,Independent,Air conditioner
Thiruverumbur,13,CHARLES. S,Independent,Gramophone
Thiruverumbur,14,SUBBULAKSHMI. R,Independent,Battery Torch
Thiruverumbur,15,DEEPAK. P,Independent,Throwing a javelin
Thiruverumbur,16,POULOSH. D,Independent,Ship
Thiruverumbur,17,MURUGANANTHAM. G,Independent,Scissors
Thiruverumbur,18,DR. MOHANA CHELVAN. P,Independent,Telephone
Thiruverumbur,19,RAMACHANDRAN. V,Independent,Matchbox
Thiruverumbur,20,VINCENTRAJ. A,Independent,Table
Thiruverumbur,21,VIJAYAKUMAR. C,Independent,Bricks
Thiruverumbur,22,VIJAYAKUMAR. N,Independent,Road roller
Thiruverumbur,23,VETRIVEL KANNA. P,Independent,Diamond
Thiruverumbur,24,JAYACHANDRAN. P,Independent,Room cooler
Thiruverumbur,25,SHAJAGAN. A,Independent,Computer mouse
Thiruverumbur,26,HABEEB RAHAMAN. H,Independent,Dish antenna
Lalgudi,1,T. PARIVALLAL,Dravida Munnetra Kazhagam,Rising sun
Lalgudi,2,PRATHEEBA,Bahujan Samaj Party,Elephant
Lalgudi,3,N. MADHAN,Naam Tamilar Katchi,Farmer Carrying Plough
Lalgudi,4,LEEMAROSE MARTIN,All India Anna Dravida Munnetra Kazhagam,Two leaves
Lalgudi,5,K. IMMACULATE MARY,Samaniya Makkal Nala Katchi,Air conditioner
Lalgudi,6,P. ELANCHEZHIYAN,Puthiya Tamilagam,Gas cylinder
Lalgudi,7,E. YESUDOSS,Tamilaga Makkal Nala Katchi,Electric pole
Lalgudi,8,KU PA KRISHNAN,Tamilaga Vettri Kazhagam,Whistle
Lalgudi,9,P. SARAVANAN,Tamizhaga Vaazhvurimai Katchi,Camera
Lalgudi,10,JOSEPHIN,All India Puratchi Thalaivar Makkal Munnettra Kazhagam,Coconut farm
Lalgudi,11,A. AMALAN SAVARIMUTHU,Independent,Tooth paste
Lalgudi,12,M. KRISHNAN,Independent,Letter box
Lalgudi,13,K. SENTHILKUMAR,Independent,Gramophone
Lalgudi,14,R. TAMILARASAN,Independent,Gas Stove
Lalgudi,15,K. DHARMARAJ,Independent,Iron
Lalgudi,16,DHANAMOORTHY .R,Independent,T.V. Remote
Lalgudi,17,R. DINESHKUMAR,Independent,Batsman
Lalgudi,18,R. PONSILAMBU,Independent,Pen nib with seven rays
Lalgudi,19,MANSOOR ALIKHAN,Independent,Truck
Lalgudi,20,V. MUTHUSAMY,Independent,Water tank
Lalgudi,21,MOHAMED ABUBAKKAR SIDDIQ,Independent,Gift pack
Lalgudi,22,M. RAMESHKUMAR,Independent,Diamond
Lalgudi,23,JINNAH JAKEER HUSSAIN,Independent,Pressure cooker
Lalgudi,24,A. JEGAN SALAMONDOSS,Independent,Scissors
Manachanallur,1,KATHIRAVAN. S,Dravida Munnetra Kazhagam,Rising sun
Manachanallur,2,THENMOZHI. R,Naam Tamilar Katchi,Farmer Carrying Plough
Manachanallur,3,R.V. BHARATHAN,All India Anna Dravida Munnetra Kazhagam,Two leaves
Manachanallur,4,BALAKRISHNAN (A) AMOOR BALU,Bahujan Samaj Party,Elephant
Manachanallur,5,V.SARAVANAN,Tamilaga Vettri Kazhagam,Whistle
Manachanallur,6,K. SENTHILKUMAR,Samaniya Makkal Nala Katchi,Bucket
Manachanallur,7,BALU. M,Puthiya Tamilagam,Gas cylinder
Manachanallur,8,REVATHI. S,Akila Inthiya Makkal Marumalarchi Kazhakam,Balloon
Manachanallur,9,VEERAIYA. C,Tamizhaga Vaazhvurimai Katchi,Camera
Manachanallur,10,KARTHIKEYAN. P,Independent,Computer
Manachanallur,11,GOPALAKRISHNAN. V,Independent,Calculator
Manachanallur,12,SHANMUGAM. V.T,Independent,Ship
Manachanallur,13,SATHEESKUMAR. K,Independent,Box
Manachanallur,14,SARAVANAKUMAR. S,Independent,Matchbox
Manachanallur,15,DIVESH. S,Independent,Chess board
Manachanallur,16,NAGARAJAN. V,Independent,Pestle and mortar
Manachanallur,17,RAMESH KUMAR. G,Independent,Bat
Manachanallur,18,RADHAKRISHNAN. S,Independent,Diamond
Manachanallur,19,RAMPRASAD. N,Independent,Scissors
Manachanallur,20,RAJASEHAR. R,Independent,Battery Torch
Manachanallur,21,RAJU. V,Independent,Cake
Manachanallur,22,JAYARAMAN. M,Independent,Jackfruit
Musiri,1,N.S.KARUNAIRAAJA,Dravida Munnetra Kazhagam,Rising sun
Musiri,2,G. BAKIYALAKSHMI,Naam Tamilar Katchi,Farmer Carrying Plough
Musiri,3,N.YOGANATHAN,All India Anna Dravida Munnetra Kazhagam,Two leaves
Musiri,4,M.CHINNAIYAN,Puthiya Tamilagam,Gas cylinder
Musiri,5,K.DHIVYA,Rashtriya Samaj Dal (R),Ship
Musiri,6,C.PALANISAMY,Tamizhaga Vaazhvurimai Katchi,Camera
Musiri,7,MALARMANNAN.M,Samaniya Makkal Nala Katchi,Walking stick
Musiri,8,M.VIGNESH,Tamilaga Vettri Kazhagam,Whistle
Musiri,9,S.VENKATESHWARAN,Anti Corruption Dynamic Party,Jackfruit
Musiri,10,SENTHILKUMAR,Independent,Pestle and mortar
Musiri,11,P.LOGANATHAN M.SC.M.PHIL.,Independent,Helmet
Thuraiyur,1,S  KOWSALYA,Naam Tamilar Katchi,Farmer Carrying Plough
Thuraiyur,2,E.SAROJA,All India Anna Dravida Munnetra Kazhagam,Two leaves
Thuraiyur,3,P.SRINIVASAN,Bahujan Samaj Party,Elephant
Thuraiyur,4,M.LENIN PRASATH,Indian National Congress,Hand
Thuraiyur,5,GNANAVETTIYAN SIVAPERUMAL .K,Tamizhaga Vaazhvurimai Katchi,Camera
Thuraiyur,6,RAVISANKAR.M,Tamilaga Vettri Kazhagam,Whistle
Thuraiyur,7,T. RAJAMANICKAM,Puthiya Tamilagam,Gas cylinder
Thuraiyur,8,E.SAROJA,Independent,Scissors
Thuraiyur,9,K.SAROJA,Independent,Sofa
Thuraiyur,10,P.SAROJA,Independent,Water melon
Thuraiyur,11,K.SELVAM,Independent,Diamond
Thuraiyur,12,SELVAM .G,Independent,Matchbox
Thuraiyur,13,G. DHINESHKUMAR,Independent,Ring
Thuraiyur,14,N. MUTHAZHAGU,Independent,Battery Torch
Thuraiyur,15,M. RAVICHANDRAN,Independent,Television
Perambalur,1,ARIVAZHAGAN. D,Bahujan Samaj Party,Elephant
Perambalur,2,SUGANYA. J,Naam Tamilar Katchi,Farmer Carrying Plough
Perambalur,3,THAMIZHSELVAN. R,All India Anna Dravida Munnetra Kazhagam,Two leaves
Perambalur,4,DR. JAYALAKSHMI. S.T,Dravida Munnetra Kazhagam,Rising sun
Perambalur,5,SIVAKUMAR. K,Tamilaga Vettri Kazhagam,Whistle
Perambalur,6,DHAMODHARAN. S,Tamizhaga Vaazhvurimai Katchi,Camera
Perambalur,7,ANANDAJOTHI PARAMASIVAM,Independent,Coconut farm
Perambalur,8,CHANDRAKUMAR. P,Independent,Chappals
Perambalur,9,SHIYAMALA. M,Independent,Gas cylinder
Perambalur,10,SUBRAMANIAN. R,Independent,Diamond
Perambalur,11,JAYACHANDRAN. B,Independent,Ship
Kunnam,1,KEERTHIVASAN. R,Naam Tamilar Katchi,Farmer Carrying Plough
Kunnam,2,SARANYA. A,All India Anna Dravida Munnetra Kazhagam,Two leaves
Kunnam,3,SIVASANKAR. S.S,Dravida Munnetra Kazhagam,Rising sun
Kunnam,4,NALLUSAMY. K.M,Bahujan Samaj Party,Elephant
Kunnam,5,ANBUTHAMIZHAN. T,Thamizh Perarasu Katchi,Matchbox
Kunnam,6,RAJA. S.P,Tamizhaga Vaazhvurimai Katchi,Camera
Kunnam,7,ELANGOVAN. K,Naadaalum Makkal Katchi,Pen nib with seven rays
Kunnam,8,REVATHI MUTHAMILSELVAN,Tamilaga Vettri Kazhagam,Whistle
Kunnam,9,UDHAYASURIYAN. T,Independent,Ring
Kunnam,10,KATHIRAVAN. A.C,Independent,Electric pole
Kunnam,11,CHANDRASEKAR. P,Independent,Battery Torch
Kunnam,12,SAMINATHAN. C,Independent,Sitar
Kunnam,13,SIVASANKARAN. P,Independent,Gas cylinder
Kunnam,14,THANASEKAR. R,Independent,Rubber stamp
Kunnam,15,NALLATHAMBI. P,Independent,Diamond
Kunnam,16,MUTHAMILSELVAN. D,Independent,Dumbbells
Kunnam,17,VIVEK. T,Independent,Mike
Kunnam,18,VINOTHKUMAR. M,Independent,Trumpet
Kunnam,19,SHAJAHAN,Independent,Dish antenna
Ariyalur,1,PUGAZHENDHI D,Naam Tamilar Katchi,Farmer Carrying Plough
Ariyalur,2,RAJENDRAN S,All India Anna Dravida Munnetra Kazhagam,Two leaves
Ariyalur,3,LATHA BALU,Dravida Munnetra Kazhagam,Rising sun
Ariyalur,4,STALIN V,Bahujan Samaj Party,Elephant
Ariyalur,5,THANGA. SHANMUGA SUNDARAM,Naadaalum Makkal Katchi,Pen nib with seven rays
Ariyalur,6,SIVAKUMAR M,Tamilaga Vettri Kazhagam,Whistle
Ariyalur,7,SUDHAKAR M,Tamizhaga Vaazhvurimai Katchi,Camera
Ariyalur,8,RAJKUMAR S,All India Puratchi Thalaivar Makkal Munnettra Kazhagam,Coconut farm
Ariyalur,9,ELAIYARAJA C,Independent,Tongs
Ariyalur,10,KRISHNAMOORTHY C,Independent,Ladder
Ariyalur,11,KUMAR K,Independent,Safety pin
Ariyalur,12,SEMMALAI T,Independent,Gas cylinder
Ariyalur,13,RAJKUMAR K,Independent,Electric pole
Ariyalur,14,VETRIVEL G,Independent,Bench
Ariyalur,15,JOTHIBASU K,Independent,Diamond
Jayankondam,1,KANNAN KA.SO.KA.,Dravida Munnetra Kazhagam,Rising sun
Jayankondam,2,CHINNADURAI S.,Bahujan Samaj Party,Elephant
Jayankondam,3,REVATHI K.,Naam Tamilar Katchi,Farmer Carrying Plough
Jayankondam,4,AZHAGESAN V.R.,Desiya Makkal Sakthi Katchi,Balloon
Jayankondam,5,RAVANAN M.,Naadaalum Makkal Katchi,Pen nib with seven rays
Jayankondam,6,KAVITHA RAJENDRAN G.,Tamilaga Vettri Kazhagam,Whistle
Jayankondam,7,SANKAR M.,Rashtriya Samaj Dal (R),Ring
Jayankondam,8,PAGUTHARIVALAN A.,Tamizhaga Vaazhvurimai Katchi,Camera
Jayankondam,9,RAVISANKAR N.,Aanaithinthiya Jananayaka Pathukappu Kazhagam,Gas cylinder
Jayankondam,10,VAITHILINGAM G.,Pattali Makkal Katchi,Mango
Jayankondam,11,JAYABALAN G.,Vada Tamil Nadu Munnetra Katchi,Water melon
Jayankondam,12,ANANDHAKUMAR R.,Independent,Jackfruit
Jayankondam,13,ISAC NEWTAN J.,Independent,Cauliflower
Jayankondam,14,KANNAN K.,Independent,Road roller
Jayankondam,15,GURUNATHAN N.,Independent,Bat
Jayankondam,16,CHANTHIRASEKAR S.,Independent,Capsicum
Jayankondam,17,VINOTHSAVARIREMIJEAS C.,Independent,Matchbox
Jayankondam,18,VENKATAJALAPATHI R.,Independent,Stumps
Jayankondam,19,VEZHAVENTHAN D.,Independent,Bucket
Tittakudi,1,RAVICHANDRAN K.P,Bahujan Samaj Party,Elephant
Tittakudi,2,GANESAN C.V,Dravida Munnetra Kazhagam,Rising sun
Tittakudi,3,MAHALAKSHMI V,Naam Tamilar Katchi,Farmer Carrying Plough
Tittakudi,4,MURUGUMARAN N,All India Anna Dravida Munnetra Kazhagam,Two leaves
Tittakudi,5,SATHYA M,Aanaithinthiya Jananayaka Pathukappu Kazhagam,Gas cylinder
Tittakudi,6,PALANIVEL R,All India Puratchi Thalaivar Makkal Munnettra Kazhagam,Coconut farm
Tittakudi,7,RAJASEKAR A,Tamilaga Vettri Kazhagam,Whistle
Tittakudi,8,JAYARAMAN N,Bahujan Dravida Party,Gift pack
Tittakudi,9,JAYA K,Tamizhaga Vaazhvurimai Katchi,Camera
Tittakudi,10,SILAMBARASAN J,Independent,CCTV Camera
Tittakudi,11,PADMANATHAN V,Independent,Water melon
Tittakudi,12,PERINBAM D,Independent,Jackfruit
Tittakudi,13,MURUGAN A,Independent,Peas
Tittakudi,14,VELMURUGAN G,Independent,Mike
Vriddhachalam,1,ANANTHI DHANDAPANI,Naam Tamilar Katchi,Farmer Carrying Plough
Vriddhachalam,2,SIVAPRAKASAM.V,Bahujan Samaj Party,Elephant
Vriddhachalam,3,PREMALLATHA VIJAYAKANT,Desiya Murpokku Dravida Kazhagam,Nagara
Vriddhachalam,4,ARIVAZHAGAN.E.N,Tamizhaga Vaazhvurimai Katchi,Camera
Vriddhachalam,5,ARIVUDAINAMBI.S,Anti Corruption Dynamic Party,Jackfruit
Vriddhachalam,6,SATHIYA.B,Anna Makkal Katchi,Coconut farm
Vriddhachalam,7,SIDHARTHAN.S,Desiya Makkal Sakthi Katchi,Football player
Vriddhachalam,8,GNANASUNDARI.M,Aanaithinthiya Jananayaka Pathukappu Kazhagam,Gas cylinder
Vriddhachalam,9,DR.TAMIZHARASI.P,Pattali Makkal Katchi,Mango
Vriddhachalam,10,VIJAY.S,Tamilaga Vettri Kazhagam,Whistle
Vriddhachalam,11,EZHILKUMAR.K,Independent,Bat
Vriddhachalam,12,SIVASANKARAN.K,Independent,Capsicum
Vriddhachalam,13,SRINIVASAN.R,Independent,Gift pack
Vriddhachalam,14,DURAI.K,Independent,Mike
Vriddhachalam,15,DEIVEEGADASS.M,Independent,Air conditioner
Vriddhachalam,16,BALU.P,Independent,Almirah
Vriddhachalam,17,PRABAKARAN.T,Independent,Ship
Vriddhachalam,18,JAYAPRAKASH.S,Independent,Diamond
Neyveli,1,SABA.RAJENDRAN,Dravida Munnetra Kazhagam,Rising sun
Neyveli,2,RAJENDRAN.R,All India Anna Dravida Munnetra Kazhagam,Two leaves
Neyveli,3,VEERAMANI.B,Naam Tamilar Katchi,Farmer Carrying Plough
Neyveli,4,JOTHIMURUGAN.V,Bahujan Samaj Party,Elephant
Neyveli,5,ANAND.K,Tamilaga Vettri Kazhagam,Whistle
Neyveli,6,THIRUMALVALAVAN.T,Tamizhaga Vaazhvurimai Katchi,Camera
Neyveli,7,MAYAKRISHNAN.K,Veerath Thiyagi Viswanathadoss Thozhilalarkal Katchi,Pestle and mortar
Neyveli,8,KARTHIKEYAN.C.M,Independent,CCTV Camera
Neyveli,9,SATHIYASEELAN.M,Independent,Ship
Neyveli,10,CHEZHIYAN.G,Independent,Television
Neyveli,11,MANIMARAN.P,Independent,Wallet
Panruti,1,ABDUR RAHMAN. A.R,Viduthalai Chiruthaigal Katchi,Pot
Panruti,2,BANUPRIYA. M,Naam Tamilar Katchi,Farmer Carrying Plough
Panruti,3,MOHAN. K,All India Anna Dravida Munnetra Kazhagam,Two leaves
Panruti,4,SRIKANTHU. S,Bahujan Samaj Party,Elephant
Panruti,5,SURENDAR. R,Tamizhaga Vaazhvurimai Katchi,Camera
Panruti,6,PRAKASH. R,Thamizhaka Padaippalar Makkal Katchi,Drill machine
Panruti,7,MANIKANDAN. M,Tamilaga Vettri Kazhagam,Whistle
Panruti,8,MOHAMMED SAFI. A,Independent,Jackfruit
Panruti,9,RAMALINGAM. A,Independent,Bangles
Cuddalore,1,A.S.CHANDARASEKARAN,Indian National Congress,Hand
Cuddalore,2,M.C.SAMPATH,All India Anna Dravida Munnetra Kazhagam,Two leaves
Cuddalore,3,S.SARASU,Naam Tamilar Katchi,Farmer Carrying Plough
Cuddalore,4,P.NATARAJAN,Bahujan Samaj Party,Elephant
Cuddalore,5,S. RAMASAMY,All India Puratchi Thalaivar Makkal Munnettra Kazhagam,Coconut farm
Cuddalore,6,B.RAJKUMAR,Tamilaga Vettri Kazhagam,Whistle
Cuddalore,7,K.LENIN,Tamizhaga Vaazhvurimai Katchi,Camera
Cuddalore,8,S.RAJAMOHAN,Independent,Bucket
Cuddalore,9,E.GURUBARAN,Independent,Gas cylinder
Cuddalore,10,V. SUGANTHI,Independent,Gas Stove
Cuddalore,11,P.NAGASUNDARAM,Independent,Diamond
Cuddalore,12,E.FAROOK ALI,Independent,Almirah
Cuddalore,13,R.MAYAVAN,Independent,Room cooler
Cuddalore,14,R.RAMACHANDRAN,Independent,Television
Cuddalore,15,R. VEERAMANI,Independent,Ginger
Kurinjipadi,1,KAVITHA RENGANATHAN,Naam Tamilar Katchi,Farmer Carrying Plough
Kurinjipadi,2,M  KANAGARAJ,Bahujan Samaj Party,Elephant
Kurinjipadi,3,M.R.K.PANNEERSELVAM,Dravida Munnetra Kazhagam,Rising sun
Kurinjipadi,4,A  BHUVANENTHIRAN,All India Anna Dravida Munnetra Kazhagam,Two leaves
Kurinjipadi,5,T  KANNAN,Tamizhaga Vaazhvurimai Katchi,Camera
Kurinjipadi,6,R  SRINIVASAN,Tamil Telugu National Party,Gas cylinder
Kurinjipadi,7,RAJKUMAR D,Tamilaga Vettri Kazhagam,Whistle
Kurinjipadi,8,ARUMUGAM  R,Independent,CCTV Camera
Kurinjipadi,9,DHANAKESAVAMOORTHY A.C.T,Independent,Bucket
Kurinjipadi,10,MANIMALA  R,Independent,Bangles
Kurinjipadi,11,MUTHAZHAGAN  N,Independent,Television
Bhuvanagiri,1,ARUNMOZHITHEVAN . A,All India Anna Dravida Munnetra Kazhagam,Two leaves
Bhuvanagiri,2,KUMARAVELU . M,Bahujan Samaj Party,Elephant
Bhuvanagiri,3,SARAVANAN. DURAI . K,Dravida Munnetra Kazhagam,Rising sun
Bhuvanagiri,4,SUMATHI . S,Naam Tamilar Katchi,Farmer Carrying Plough
Bhuvanagiri,5,MAHALINGAM . T,Tamilaga Vettri Kazhagam,Whistle
Bhuvanagiri,6,MUTHAMIZHAN . SEVA,Tamizhaga Vaazhvurimai Katchi,Camera
Bhuvanagiri,7,ARUNMOZHI . V,Independent,Binoculars
Bhuvanagiri,8,EZHILVENTHAN . P,Independent,Almirah
Bhuvanagiri,9,IYYAPPAN . S,Independent,Ship
Bhuvanagiri,10,SARAVANAN . J,Independent,Electric pole
Bhuvanagiri,11,BALAMURUGAN . M. R,Independent,Gas cylinder
Bhuvanagiri,12,BALAMURUGAN . G. C,Independent,Batsman
Bhuvanagiri,13,RAJA SEKAR . G,Independent,Diamond
Chidambaram,1,THAMIMUN ANSARI. M,Dravida Munnetra Kazhagam,Rising sun
Chidambaram,2,THAMIZH,Naam Tamilar Katchi,Farmer Carrying Plough
Chidambaram,3,PANDIAN. K.A,All India Anna Dravida Munnetra Kazhagam,Two leaves
Chidambaram,4,DHANASEKARAN. M,All India Puratchi Thalaivar Makkal Munnettra Kazhagam,Coconut farm
Chidambaram,5,NEDUNCHEZHIYAN,Tamilaga Vettri Kazhagam,Whistle
Chidambaram,6,MUNISANKAR. K,Anna Puratchi Thalaivar Amma Dravida Munnetra Kazhagam,Jackfruit
Chidambaram,7,EASAN NATARAJAN. T,Independent,Diamond
Chidambaram,8,THIRUGNANAM. K,Independent,Pan
Chidambaram,9,MANIMARAN. D,Independent,Kettle
Chidambaram,10,VENKATESAN. D,Independent,Flute
Chidambaram,11,ER. JAYAKKUMAR. R,Independent,Electric pole
Kattumannarkoil,1,SATHEESHKUMAR .M,Bahujan Samaj Party,Elephant
Kattumannarkoil,2,SIVAJOTHI .M,Naam Tamilar Katchi,Farmer Carrying Plough
Kattumannarkoil,3,L.E. JOTHIMANI,Viduthalai Chiruthaigal Katchi,Pot
Kattumannarkoil,4,ALAVANTHAR .M,Tamizhaga Vaazhvurimai Katchi,Camera
Kattumannarkoil,5,G. KALYANA SUNDARAM,All India Jananayaka Makkal Kazhagam,Mixee
Kattumannarkoil,6,S. SEENUVASAN,Tamilaga Vettri Kazhagam,Whistle
Kattumannarkoil,7,A. SOZHAN,Pattali Makkal Katchi,Mango
Kattumannarkoil,8,BABU .B,Rashtriya Samaj Dal (R),Plastering trowel
Kattumannarkoil,9,S. MURALI,Aanaithinthiya Jananayaka Pathukappu Kazhagam,Gas cylinder
Kattumannarkoil,10,M.A.T. ARCHUNAN,Independent,Matchbox
Kattumannarkoil,11,SANKARKUMAR .S,Independent,Cauliflower
Sirkazhi,1,GAJENDRAN.KANAGA,Bahujan Samaj Party,Elephant
Sirkazhi,2,SAKTHI.M,All India Anna Dravida Munnetra Kazhagam,Two leaves
Sirkazhi,3,SUBASH.R,Naam Tamilar Katchi,Farmer Carrying Plough
Sirkazhi,4,SENTHILSELVAN.R,Dravida Munnetra Kazhagam,Rising sun
Sirkazhi,5,GOPINATH.S,Tamilaga Vettri Kazhagam,Whistle
Sirkazhi,6,PANDIYAN.C.R,Indhu Dravida Makkal Katchi,Gas cylinder
Sirkazhi,7,BABUSANKAR.R,Our Mahathma National Party,Football player
Sirkazhi,8,PETHAPERUMAL.K,Tamizhaga Vaazhvurimai Katchi,Camera
Sirkazhi,9,MALATHI.A,All India Puratchi Thalaivar Makkal Munnettra Kazhagam,Coconut farm
Sirkazhi,10,TAMILVENTHAN.R,Independent,Scissors
Mayiladuthurai,1,KASIRAMAN. K,Naam Tamilar Katchi,Farmer Carrying Plough
Mayiladuthurai,2,VENKATESAN. K,Bahujan Samaj Party,Elephant
Mayiladuthurai,3,JAMAL MOHAMED YOUNOOS. Y.N,Indian National Congress,Hand
Mayiladuthurai,4,ARAVAAZHI. K,All India Jananayaka Makkal Kazhagam,Mixee
Mayiladuthurai,5,KARTHICK. A,Samaniya Makkal Nala Katchi,Walking stick
Mayiladuthurai,6,SARAVANANK. K,Tamizhaga Vaazhvurimai Katchi,Camera
Mayiladuthurai,7,PALANISAMY.A  M.COM.,Pattali Makkal Katchi,Mango
Mayiladuthurai,8,MANIMARAN,Veerath Thiyagi Viswanathadoss Thozhilalarkal Katchi,Pestle and mortar
Mayiladuthurai,9,HAROON RASHEED. S.S,Tamilaga Vettri Kazhagam,Whistle
Mayiladuthurai,10,ANANTHAKUMAR. R,Independent,Diamond
Mayiladuthurai,11,GANGADHARAN. R,Independent,Ring
Mayiladuthurai,12,GOBALA KRISHNAN. S,Independent,Road roller
Mayiladuthurai,13,SAMPATH. L,Independent,Pen nib with seven rays
Mayiladuthurai,14,THIMOTHY. T,Independent,CCTV Camera
Mayiladuthurai,15,NATARAJAN. R,Independent,Bench
Mayiladuthurai,16,NAVANITHAM. S,Independent,Gas cylinder
Mayiladuthurai,17,BHARATHIRAJA. B,Independent,Matchbox
Mayiladuthurai,18,RAMKUMAR. S BBA.LLB,Independent,Bat
Mayiladuthurai,19,VEERASAMY. T,Independent,Bangles
Mayiladuthurai,20,JAMAL MOHAMED,Independent,Refrigerator
Poompuhar,1,ILAYANAGULAN. K,Naam Tamilar Katchi,Farmer Carrying Plough
Poompuhar,2,NIVEDHA M MURUGAN,Dravida Munnetra Kazhagam,Rising sun
Poompuhar,3,PAVUNRAJ. S,All India Anna Dravida Munnetra Kazhagam,Two leaves
Poompuhar,4,PRABAKARAN. V,Bahujan Samaj Party,Elephant
Poompuhar,5,PURATCHIDASAN. T,Anaithinthiya Anna Dravida Makkal Seyal katchi,Telephone
Poompuhar,6,VIJAYALAIYAN. J,Tamilaga Vettri Kazhagam,Whistle
Poompuhar,7,ANANDARAJ. D,Independent,Electric pole
Poompuhar,8,INBARAJ. T,Independent,Tyres
Poompuhar,9,NOOR NISHA. M,Independent,Air conditioner
Poompuhar,10,MAYA VENKATESAN. M,Independent,Ring
Poompuhar,11,MURUGAN. S,Independent,Bat
Poompuhar,12,MUJIBUR RAHMAN. E.M.M,Independent,Television
Poompuhar,13,SHANGAMITHTHIRAN. A,Independent,Diamond
Nagapattinam,1,THANKA.KATHIRAVAN,All India Anna Dravida Munnetra Kazhagam,Two leaves
Nagapattinam,2,FATHIMA FARHANA.S,Naam Tamilar Katchi,Farmer Carrying Plough
Nagapattinam,3,M.H.JAWAHIRULLAH,Dravida Munnetra Kazhagam,Rising sun
Nagapattinam,4,M.SUGUMAR,Tamilaga Vettri Kazhagam,Whistle
Nagapattinam,5,J.V.DURAI,All India Youth Development Party,Telephone
Nagapattinam,6,K.RAJASEKAR,Puthiya Tamilagam,Gas cylinder
Nagapattinam,7,VALLABADAS.E,Tamizhaga Vaazhvurimai Katchi,Camera
Nagapattinam,8,M.IYYANKALAI,Independent,Rubber stamp
Nagapattinam,9,T.KATHIRAVAN,Independent,Electric pole
Nagapattinam,10,SAKTHIVEL,Independent,CCTV Camera
Nagapattinam,11,N P BHASHGARAN,Independent,Road roller
Nagapattinam,12,S.PREM,Independent,Slate
Nagapattinam,13,N.VIJAYARAGAVAN,Independent,Ship
Kilvelur,1,KARTHIKA. M,Naam Tamilar Katchi,Farmer Carrying Plough
Kilvelur,2,LATHA. T,Communist Party of India (Marxist),Hammer Sickle and Star
Kilvelur,3,SURENTHAR. K,Puthiya Tamilagam,Bucket
Kilvelur,4,SENTHIL PANDIAN. P,Tamilaga Vettri Kazhagam,Whistle
Kilvelur,5,VADIVEL RAVANAN. S,Pattali Makkal Katchi,Mango
Kilvelur,6,VEDHA MUKUNDHAN,Aanaithinthiya Jananayaka Pathukappu Kazhagam,Gas cylinder
Kilvelur,7,JAIVISHNUDEVI. M,Independent,Ship
Vedaranyam,1,KARTHICK. T,Naam Tamilar Katchi,Farmer Carrying Plough
Vedaranyam,2,PUGAZHENDI. M,Dravida Munnetra Kazhagam,Rising sun
Vedaranyam,3,MANIAN. O.S,All India Anna Dravida Munnetra Kazhagam,Two leaves
Vedaranyam,4,KINGSLY GERALD. A,Tamilaga Vettri Kazhagam,Whistle
Vedaranyam,5,LINGESWARAN. M,All India Puratchi Thalaivar Makkal Munnettra Kazhagam,Coconut farm
Vedaranyam,6,RAJASIMMAN. D,Independent,Gas cylinder
Vedaranyam,7,GOWTHAMAN. M,Independent,Capsicum
Vedaranyam,8,SATHIYASEELAN. M,Independent,Television
Vedaranyam,9,SELVAKUMAR. S,Independent,Electric pole
Vedaranyam,10,THIVASKAR. B,Independent,Matchbox
Vedaranyam,11,VEERAKUMAR. V,Independent,CCTV Camera
Thiruthuraipoondi,1,BALATHANDAYUTHAM.U,All India Anna Dravida Munnetra Kazhagam,Two leaves
Thiruthuraipoondi,2,MARIMUTHU.K,Communist Party of India,Ears of corn and sickle
Thiruthuraipoondi,3,VIMALA.A,Bahujan Samaj Party,Elephant
Thiruthuraipoondi,4,VINOTHINI.R,Naam Tamilar Katchi,Farmer Carrying Plough
Thiruthuraipoondi,5,ARUMUGAM.N,Tamizhaga Vaazhvurimai Katchi,Camera
Thiruthuraipoondi,6,PANDIYAN.S,Tamilaga Vettri Kazhagam,Whistle
Thiruthuraipoondi,7,SIVAPRAKASAM.V,Independent,Water melon
Thiruthuraipoondi,8,MURUGANANTHAM.V,Independent,Bangles
Thiruthuraipoondi,9,JAYASANGAR.A,Independent,Gas cylinder
Mannargudi,1,KAMARAJ.S,Bahujan Samaj Party,Elephant
Mannargudi,2,BHARATHISELVAN.R,Naam Tamilar Katchi,Farmer Carrying Plough
Mannargudi,3,RAJAA.T.R.B,Dravida Munnetra Kazhagam,Rising sun
Mannargudi,4,KAMARAJ. S,Amma Makkal Munnettra Kazagam,Pressure cooker
Mannargudi,5,GOVINDARAJ.G,Tamizhaga Vaazhvurimai Katchi,Camera
Mannargudi,6,BHARATHI.B,Puthiya Tamilagam,Gas cylinder
Mannargudi,7,MUTHUVEL.V,Tamilaga Makkal Nala Katchi,Electric pole
Mannargudi,8,RASUPILLAI.S,All India Puratchi Thalaivar Makkal Munnettra Kazhagam,Coconut farm
Mannargudi,9,RAJARAJAN.U,Tamilaga Vettri Kazhagam,Whistle
Mannargudi,10,ARULPRAKASH. P,Independent,Diamond
Mannargudi,11,KAMARAJ.A,Independent,Kettle
Mannargudi,12,DURAI ARASAN.K,Independent,Table
Mannargudi,13,NAMASIVAYAM.N,Independent,Ship
Mannargudi,14,PRABHU. S,Independent,Iron
Mannargudi,15,MARIMUTHU.A.V.M,Independent,Bucket
Thiruvarur,1,ASWINI B,Naam Tamilar Katchi,Farmer Carrying Plough
Thiruvarur,2,KALAIVANAN POONDI  K,Dravida Munnetra Kazhagam,Rising sun
Thiruvarur,3,CHANDRASEKARAN  GOVI,Bharatiya Janata Party,Lotus
Thiruvarur,4,KANTHAN A,Tamizhaga Vaazhvurimai Katchi,Camera
Thiruvarur,5,THIYAGARAJAN .M,Puthiya Tamilagam,Gas cylinder
Thiruvarur,6,VEERAMANI V,Tamilaga Vettri Kazhagam,Whistle
Thiruvarur,7,MUTHARASAN S,Independent,Box
Thiruvarur,8,SAHUL HAMEED M,Independent,Matchbox
Nannilam,1,KAMARAJ. R,All India Anna Dravida Munnetra Kazhagam,Two leaves
Nannilam,2,THENMOZHI DILIPKUMAR,Naam Tamilar Katchi,Farmer Carrying Plough
Nannilam,3,MOHAMED MUBARAK,Dravida Munnetra Kazhagam,Rising sun
Nannilam,4,SIVARAMAN. T,Tamizhaga Vaazhvurimai Katchi,Camera
Nannilam,5,TAMILSELVAN. M,Puthiya Tamilagam,Gas cylinder
Nannilam,6,PRABHAKARAN. S,Tamilaga Vettri Kazhagam,Whistle
Nannilam,7,RAJA. S,All India Puratchi Thalaivar Makkal Munnettra Kazhagam,Coconut farm
Nannilam,8,SANKAR. R,Independent,Scissors
Nannilam,9,SHANMUGARAJA. D,Independent,Bat
Nannilam,10,SURESH. V,Independent,Wool and Needle
Nannilam,11,BHARATHIMOHAN.  K.S,Independent,Gift pack
Nannilam,12,MOHUMED RIYAS. K,Independent,Tube light
Nannilam,13,RAVICHANDRAN. R,Independent,Ring
Nannilam,14,RAJASEKAR. R,Independent,Mike
Thiruvidaimarudur,1,ELAMATHI SUBRAMANIAN,All India Anna Dravida Munnetra Kazhagam,Two leaves
Thiruvidaimarudur,2,GOVI.CHEZHIAAN,Dravida Munnetra Kazhagam,Rising sun
Thiruvidaimarudur,3,M.DIVYA BHARATHI,Naam Tamilar Katchi,Farmer Carrying Plough
Thiruvidaimarudur,4,T.M.PURATCHI MANI,Bahujan Samaj Party,Elephant
Thiruvidaimarudur,5,KANNAIYAN. T,Communist Party of India (Marxist-Leninist) (Liberation),Flag with three stars
Thiruvidaimarudur,6,S.PRABAKARAN,Tamilaga Vettri Kazhagam,Whistle
Thiruvidaimarudur,7,A.VISWANATHAN,Tamizhaga Vaazhvurimai Katchi,Camera
Thiruvidaimarudur,8,ARAVINDARAJ. R,Independent,Well
Thiruvidaimarudur,9,KEERTHIGA. K,Independent,Biscuit
Thiruvidaimarudur,10,SELVARANI. S,Independent,Scissors
Thiruvidaimarudur,11,M.TAMILMARAN,Independent,Pen drive
Thiruvidaimarudur,12,DHANASEKAR,Independent,Peas
Thiruvidaimarudur,13,L.PRABAKARAN,Independent,Frying pan
Thiruvidaimarudur,14,P.MANIKANDAN,Independent,Tea filter
Kumbakonam,1,ASHOKKUMAR R,Bharatiya Janata Party,Lotus
Kumbakonam,2,ANBALAGAN G,Dravida Munnetra Kazhagam,Rising sun
Kumbakonam,3,ANANDH M,Naam Tamilar Katchi,Farmer Carrying Plough
Kumbakonam,4,AROKIYARAJ V,Tamizhaga Vaazhvurimai Katchi,Camera
Kumbakonam,5,SUNDAR G,Thamizh Desiya Munnetra Kazhagam,Matchbox
Kumbakonam,6,VINOTH,Tamilaga Vettri Kazhagam,Whistle
Kumbakonam,7,ARIVAZHAGAN K,Independent,Balloon
Kumbakonam,8,KARTHI G,Independent,Almirah
Kumbakonam,9,SRINIVASAN V,Independent,Binoculars
Kumbakonam,10,SENTHAMILSELVI S,Independent,Kitchen sink
Kumbakonam,11,RAMAMOORTHI R,Independent,Bench
Kumbakonam,12,VIJAYAKUMAR C,Independent,Cauliflower
Kumbakonam,13,STALIN MA KA,Independent,Gas cylinder
Papanasam,1,ANIS FATHIMA,Naam Tamilar Katchi,Farmer Carrying Plough
Papanasam,2,DORAI. SHANMUGA PRABU,All India Anna Dravida Munnetra Kazhagam,Two leaves
Papanasam,3,AZARUDEEN UDUMAN ALI,Tamilaga Vettri Kazhagam,Whistle
Papanasam,4,C. CHANDRASEKARAN,Thamizh Desiya Munnetra Kazhagam,Matchbox
Papanasam,5,B. DHAMODHARAN,Tamizhaga Vaazhvurimai Katchi,Camera
Papanasam,6,K. MASILAMANI,Communist Party of India (Marxist-Leninist) (Liberation),Flag with three stars
Papanasam,7,A.M. SHAHJAHAN,Indian Union Muslim League,Ladder
Papanasam,8,A. ANIS FATHIMA ABDUL RAHIM,Independent,Bucket
Papanasam,9,V. KULANDHAIVELU,Independent,Gas cylinder
Papanasam,10,A S THANGARASU,Independent,Bricks
Papanasam,11,V. THIYAGARAJAN,Independent,Diamond
Papanasam,12,S. NATARAJAN,Independent,Ring
Papanasam,13,K. RAJENDRAN,Independent,Electric pole
Thiruvaiyaru,1,DURAI. CHANDRASEKARAN,Dravida Munnetra Kazhagam,Rising sun
Thiruvaiyaru,2,DURAI. SENTHILNATHAN,Naam Tamilar Katchi,Farmer Carrying Plough
Thiruvaiyaru,3,VELU. KARTHIKEYAN,Amma Makkal Munnettra Kazagam,Pressure cooker
Thiruvaiyaru,4,MATHI. MANIKANDAN,Tamilaga Vettri Kazhagam,Whistle
Thiruvaiyaru,5,S. VIJAYAKUMAR,Anna Puratchi Thalaivar Amma Dravida Munnetra Kazhagam,Jackfruit
Thiruvaiyaru,6,VIJAYA BABU,Tamizhaga Vaazhvurimai Katchi,Camera
Thiruvaiyaru,7,V. VENU,Puthiya Tamilagam,Gas cylinder
Thiruvaiyaru,8,ABIMAN,Independent,Throwing a javelin
Thiruvaiyaru,9,ER.S. ARJUN,Independent,Grapes
Thiruvaiyaru,10,R. SATHIYANARAYANAN,Independent,Safety pin
Thiruvaiyaru,11,RAJASEKARAN. S,Independent,Bucket
Thiruvaiyaru,12,R. RAJKUMAR,Independent,Ring
Thiruvaiyaru,13,JAYAINDHRAESWARAN,Independent,Scissors
Thanjavur,1,SHAN. RAMANATHAN,Dravida Munnetra Kazhagam,Rising sun
Thanjavur,2,N. KRISHNAKUMAR,Naam Tamilar Katchi,Farmer Carrying Plough
Thanjavur,3,KARUPPU MURUGANANTHAM,Bharatiya Janata Party,Lotus
Thanjavur,4,H. MOHAMED ABDUL KHADIR,Tamizhaga Vaazhvurimai Katchi,Camera
Thanjavur,5,S. MUTHUVEL,Bahujan Dravida Party,Pen nib with seven rays
Thanjavur,6,R. VIJAYSARAVANAN,Tamilaga Vettri Kazhagam,Whistle
Thanjavur,7,S. KARIKALA CHOLAN,Independent,Pressure cooker
Thanjavur,8,D. KUMARAN,Independent,Grapes
Thanjavur,9,M. SANTHOSH,Independent,Water melon
Thanjavur,10,R. SABTHAGIRI,Independent,Dish antenna
Thanjavur,11,R. MURALIDHARAN,Independent,Diamond
Orathanadu,1,M. SEKAR,All India Anna Dravida Munnetra Kazhagam,Two leaves
Orathanadu,2,S.THIRUMURUGAN,Naam Tamilar Katchi,Farmer Carrying Plough
Orathanadu,3,R. VAITHILINGAM,Dravida Munnetra Kazhagam,Rising sun
Orathanadu,4,DR. K. ARVIND,Tamilaga Vettri Kazhagam,Whistle
Orathanadu,5,C. GUNASEKARAN,Thamizh Desiya Munnetra Kazhagam,Matchbox
Orathanadu,6,M. SELVARAJ,Party for the Rights of Other backward Classes,Laptop
Orathanadu,7,A. AJESHKANNAN,Independent,Bat
Orathanadu,8,M. KANAGARAJ,Independent,Battery Torch
Orathanadu,9,T. VIJAYAKUMAR,Independent,Coconut farm
Pattukkottai,1,ANNADURAI K,Dravida Munnetra Kazhagam,Rising sun
Pattukkottai,2,KANNAN S,Naam Tamilar Katchi,Farmer Carrying Plough
Pattukkottai,3,SEKAR C V,All India Anna Dravida Munnetra Kazhagam,Two leaves
Pattukkottai,4,GURUMOORTHY M,Puthiya Tamilagam,Gas cylinder
Pattukkottai,5,MATHAN C,Tamilaga Vettri Kazhagam,Whistle
Pattukkottai,6,ANNADURAI C N,Independent,Diamond
Pattukkottai,7,SURESH M R,Independent,Television
Pattukkottai,8,SURESH R,Independent,Camera
Pattukkottai,9,MOHAMED SHARIF M,Independent,Ring
Pattukkottai,10,MUTHUKUMAR D,Independent,Jackfruit
Pattukkottai,11,ZIAUDEEN A J,Independent,Scissors
Peravurani,1,ASHOKKUMAR. N,Dravida Munnetra Kazhagam,Rising sun
Peravurani,2,GOVI.ELANGO,All India Anna Dravida Munnetra Kazhagam,Two leaves
Peravurani,3,BHUVANA MANIYARASAN,Naam Tamilar Katchi,Farmer Carrying Plough
Peravurani,4,NEIVELI SASIKUMAR,Tamizhaga Vaazhvurimai Katchi,Camera
Peravurani,5,D.CHANDRAKANDEEBAN,Tamilaga Vettri Kazhagam,Whistle
Peravurani,6,G.CHITHIRAVELU,Puthiya Tamilagam,Gas cylinder
Peravurani,7,R.RAVI,All India Puratchi Thalaivar Makkal Munnettra Kazhagam,Coconut farm
Peravurani,8,T.ARULMURUGAN,Independent,Clip
Peravurani,9,U.UTHAYAKUMAR,Independent,Ring
Peravurani,10,PASUMAIBHOOMI NATARAJAN,Independent,Water melon
Gandarvakkottai,1,C. UTHAYAKUMAR,Bharatiya Janata Party,Lotus
Gandarvakkottai,2,M. CHINNADURAI,Communist Party of India (Marxist),Hammer Sickle and Star
Gandarvakkottai,3,NATHIYA,Naam Tamilar Katchi,Farmer Carrying Plough
Gandarvakkottai,4,N. SUBRAMANIAN,Tamilaga Vettri Kazhagam,Whistle
Gandarvakkottai,5,DHANARASU,Namadhu Makkal Katchi,Gas cylinder
Gandarvakkottai,6,ARUNKUMAR . S,Independent,Matchbox
Gandarvakkottai,7,SASIKUMAR P,Independent,Ring
Gandarvakkottai,8,SENTHILKUMAR N,Independent,Mike
Gandarvakkottai,9,T. MURUGESAN,Independent,Cauliflower
Gandarvakkottai,10,M. LAKSHMANAN,Independent,Pen drive
Viralimalai,1,SATHYALAKSHMI. K,Naam Tamilar Katchi,Farmer Carrying Plough
Viralimalai,2,CHELLAPANDIYAN. K.K,Dravida Munnetra Kazhagam,Rising sun
Viralimalai,3,VIJAYABASKAR. C,All India Anna Dravida Munnetra Kazhagam,Two leaves
Viralimalai,4,KARTHIKA PRAKASH,All India Puratchi Thalaivar Makkal Munnettra Kazhagam,Coconut farm
Viralimalai,5,SELVARAJ. A,Puthiya Tamilagam,Gas cylinder
Viralimalai,6,PALANISAMY. K,Veerath Thiyagi Viswanathadoss Thozhilalarkal Katchi,Pestle and mortar
Viralimalai,7,MURUGESAN. P,Tamilaga Vettri Kazhagam,Whistle
Viralimalai,8,ADAIKALARAJ. S,Independent,Ship
Viralimalai,9,ALAGAR. P ADVOCATE,Independent,Bucket
Viralimalai,10,CHANDRAJOTHI. M,Independent,Almirah
Viralimalai,11,SUBBAIAH. R,Independent,Baby walker
Viralimalai,12,THIRUMURUGAN. A,Independent,Balloon
Viralimalai,13,THIRUMURUGAN. K,Independent,Diamond
Viralimalai,14,THIRUVENDRAN. V,Independent,Bangles
Viralimalai,15,PALANISAMY. A,Independent,Batsman
Viralimalai,16,BALASUBRAMANIAN. K.K,Independent,Bead necklace
Viralimalai,17,BALASUBRAMANIAN. M,Independent,Belt
Viralimalai,18,BALAVEL MURUGESAN. T,Independent,Bench
Viralimalai,19,MAHENDIRAN. K,Independent,Bicycle pump
Viralimalai,20,MANIKANDAN. M,Independent,Binoculars
Viralimalai,21,MATHIYALAGAN. G,Independent,Biscuit
Viralimalai,22,RAJA. P,Independent,Black board
Viralimalai,23,VEERAMANI. M,Independent,Boat with man and sail
Viralimalai,24,VEERAMANI. M,Independent,Box
Viralimalai,25,JAYAGANDHI. R,Independent,Bread
Viralimalai,26,JOTHIVEL. A,Independent,Bread toaster
Pudukkottai,1,EZHILARASI VIJAYENDRAN,Naam Tamilar Katchi,Farmer Carrying Plough
Pudukkottai,2,V. MUTHURAJA,Dravida Munnetra Kazhagam,Rising sun
Pudukkottai,3,N. RAMACHANDRAN,Bharatiya Janata Party,Lotus
Pudukkottai,4,E. RAMALINGAM,Party for the Rights of Other backward Classes,Laptop
Pudukkottai,5,K.M. SHARIFF,Tamilaga Vettri Kazhagam,Whistle
Pudukkottai,6,S. NIYAZ AHAMED,Tamizhaga Vaazhvurimai Katchi,Camera
Pudukkottai,7,G. MANIMEGALAI,Communist Party of India (Marxist-Leninist) (Liberation),Flag with three stars
Pudukkottai,8,A. RAJASEKAR,Veerath Thiyagi Viswanathadoss Thozhilalarkal Katchi,Pestle and mortar
Pudukkottai,9,K. RENGAN,Puthiya Tamilagam,Gas cylinder
Pudukkottai,10,G. ARIVAZHAGAN,Independent,Harmonium
Pudukkottai,11,KANGATHARAN .P,Independent,Television
Pudukkottai,12,C. KARUPPAIAH,Independent,Saw
Pudukkottai,13,C. KARUPPAIAH,Independent,Peanuts
Pudukkottai,14,K. KAILASAKUMAR,Independent,Diamond
Pudukkottai,15,C. GOVINDASAMY,Independent,Tube light
Pudukkottai,16,R. SIVAKUMAR,Independent,Matchbox
Pudukkottai,17,A. SUBARESH RAJA,Independent,Road roller
Pudukkottai,18,SENTHILNATHAN .B,Independent,Cauliflower
Pudukkottai,19,S. SELVARAJ,Independent,Electric pole
Pudukkottai,20,K. DHANAGOPAL,Independent,Robot
Pudukkottai,21,G. DURAISARAVANAN,Independent,Balloon
Pudukkottai,22,M. A. MUTHUKUMAR,Independent,Flute
Pudukkottai,23,G. MUTHURAJ,Independent,Almirah
Pudukkottai,24,K. MURUGESAN,Independent,Well
Pudukkottai,25,D. RAMESH,Independent,Peas
Pudukkottai,26,A. RADHAKRISHNAN,Independent,Bucket
Pudukkottai,27,RAMACHANDRAN .C,Independent,Baby walker
Pudukkottai,28,C. RAMACHANDRAN,Independent,Box
Pudukkottai,29,R. RAMACHANDRAN,Independent,Gramophone
Pudukkottai,30,V.R. JAYAKUMAR,Independent,Ship
Thirumayam,1,REGUPATHY.S,Dravida Munnetra Kazhagam,Rising sun
Thirumayam,2,LAKSHMI SRINIVASAN,Naam Tamilar Katchi,Farmer Carrying Plough
Thirumayam,3,VAIRAMUTHU.PK,All India Anna Dravida Munnetra Kazhagam,Two leaves
Thirumayam,4,CHINTHAMANI.C,Tamilaga Vettri Kazhagam,Whistle
Thirumayam,5,SUBBIAH.A,Puthiya Tamilagam,Gas cylinder
Thirumayam,6,MUTHUKARUPPAN.CN,Party for the Rights of Other backward Classes,Laptop
Thirumayam,7,RAMSINGH.SK,Tamizhaga Vaazhvurimai Katchi,Camera
Thirumayam,8,RAJA.K,All India Puratchi Thalaivar Makkal Munnettra Kazhagam,Coconut farm
Thirumayam,9,ESWAR.S,Independent,Pen nib with seven rays
Thirumayam,10,SATHISHKUMAR.M,Independent,Jackfruit
Thirumayam,11,CHINNATHAMBI.P,Independent,Mike
Thirumayam,12,SUBRAMANIAN.P,Independent,Ring
Thirumayam,13,DURAIRAJAN.M,Independent,Bat
Thirumayam,14,RAMNATH.T,Independent,Trumpet
Alangudi,1,SIVA.V.MEYYANATHAN,Dravida Munnetra Kazhagam,Rising sun
Alangudi,2,R.RAJARAM,Naam Tamilar Katchi,Farmer Carrying Plough
Alangudi,3,DHANA VIMAL,All India Anna Dravida Munnetra Kazhagam,Two leaves
Alangudi,4,KANDASAMY,Tamilaga Vettri Kazhagam,Whistle
Alangudi,5,R.SURESH,Party for the Rights of Other backward Classes,Laptop
Alangudi,6,D.PUSHPARAJ,All India Puratchi Thalaivar Makkal Munnettra Kazhagam,Coconut farm
Alangudi,7,S MALAIYANDI,Akila Inthiya Makkal Marumalarchi Kazhakam,Balloon
Alangudi,8,V.KANNADASSAN,Independent,Gas Stove
Alangudi,9,SASIKUMAR.P,Independent,Ring
Alangudi,10,B.SELVAM,Independent,Batsman
Alangudi,11,T.THIRUMARAN,Independent,Box
Alangudi,12,M.NAGARAJAN,Independent,Pen stand
Alangudi,13,K.MURUGESAN,Independent,Bangles
Alangudi,14,S.VANMEGANADHAN,Independent,Electric pole
Aranthangi,1,KAVITHA SRIKANTH,Bharatiya Janata Party,Lotus
Aranthangi,2,MUTHULAKSHMI. S,Naam Tamilar Katchi,Farmer Carrying Plough
Aranthangi,3,RAMACHANDRAN . T,Indian National Congress,Hand
Aranthangi,4,NAZIM KHAN. M,Tamizhaga Vaazhvurimai Katchi,Camera
Aranthangi,5,MOHAMED FARVAS. J,Tamilaga Vettri Kazhagam,Whistle
Aranthangi,6,ABDUL JAFFAR. S,Independent,Ring
Aranthangi,7,AIYAPPAN,Independent,Bat
Aranthangi,8,ARUNAGIRI . M,Independent,Battery Torch
Aranthangi,9,UDAIYAPPAN. M,Independent,Mike
Aranthangi,10,KARTHIKEYAN. N,Independent,Coconut farm
Aranthangi,11,KALIMUTHU. P,Independent,Jackfruit
Aranthangi,12,SHAHUL HAMEED . N,Independent,CCTV Camera
Aranthangi,13,SUNDAR . A,Independent,Water melon
Aranthangi,14,DHETCHNA MOORTHY. DOCTOR. S,Independent,Bucket
Aranthangi,15,MURUGARETHINAM. T,Independent,Matchbox
Karaikudi,1,RANJITHKUMAR BALUSAMY,Bahujan Samaj Party,Elephant
Karaikudi,2,SEEMAN,Naam Tamilar Katchi,Farmer Carrying Plough
Karaikudi,3,MANGUDI. S,Indian National Congress,Hand
Karaikudi,4,AZIZ ABDUL RAHMAN. J,Samaniya Makkal Nala Katchi,Walking stick
Karaikudi,5,KARUPPIAH. K,Republican Party of India (Athawale),Ganna kisan
Karaikudi,6,KALIMUTHU. A,All India Puratchi Thalaivar Makkal Munnettra Kazhagam,Coconut farm
Karaikudi,7,DHERPOKI V.PANDI,Amma Makkal Munnettra Kazagam,Pressure cooker
Karaikudi,8,NEWTON BABU. C,Puthiya Tamilagam,Gas cylinder
Karaikudi,9,DR.PRABHU. TK,Tamilaga Vettri Kazhagam,Whistle
Karaikudi,10,RAMU. M,Independent,Bucket
Karaikudi,11,UDHUMAN ALI. M.S,Independent,Tooth brush
Karaikudi,12,KALIDASS. R,Independent,Tea filter
Karaikudi,13,SHANTHI. B,Independent,Binoculars
Karaikudi,14,SURESH. V,Independent,Frying pan
Karaikudi,15,SELVI. K,Independent,Box
Karaikudi,16,DINESH. K,Independent,Batsman
Karaikudi,17,PANDI. S,Independent,Bread toaster
Karaikudi,18,PRABU. G,Independent,Mike
Karaikudi,19,MANIMARAN. R,Independent,Matchbox
Karaikudi,20,MUTHUKUMAR. K,Independent,Bat
Karaikudi,21,RAMANATHAN. S.V,Independent,Ship
Karaikudi,22,LAKSHMANAN. R,Independent,Battery Torch
Karaikudi,23,VEERAMANIKANDAN. V,Independent,Ring
Karaikudi,24,VELU. K,Independent,Kettle
Karaikudi,25,JEEVITHA. A,Independent,Balloon
Tiruppattur,1,THIRUMARAN. K.C,Bharatiya Janata Party,Lotus
Tiruppattur,2,PERIAKARUPPAN. KR,Dravida Munnetra Kazhagam,Rising sun
Tiruppattur,3,RAMYA MOHAN,Naam Tamilar Katchi,Farmer Carrying Plough
Tiruppattur,4,UMADEVI. S,All India Puratchi Thalaivar Makkal Munnettra Kazhagam,Coconut farm
Tiruppattur,5,SEENIVASA SETHUPATHY. R,Tamilaga Vettri Kazhagam,Whistle
Tiruppattur,6,SHANMUGAM. M,Independent,Baby walker
Tiruppattur,7,SETHU. P,Independent,Electric pole
Tiruppattur,8,PANCHAVARNAM. M,Independent,Balloon
Tiruppattur,9,BAKIYALAKSHMI. M,Independent,Computer
Tiruppattur,10,PIRAMAN. P,Independent,Tiller
Tiruppattur,11,MALLIKA. A,Independent,Bucket
Tiruppattur,12,MARIMUTHU. S,Independent,Gift pack
Tiruppattur,13,RAJA. K.P.M,Independent,Pen nib with seven rays
Tiruppattur,14,DR.VINAYAGA MEYYARASU. T,Independent,Bat
Tiruppattur,15,VISHWANATHAN. S,Independent,Ship
Sivaganga,1,INDHUJA R,Naam Tamilar Katchi,Farmer Carrying Plough
Sivaganga,2,KARUNAAS S,Dravida Munnetra Kazhagam,Rising sun
Sivaganga,3,SENTHILNATHAN PR,All India Anna Dravida Munnetra Kazhagam,Two leaves
Sivaganga,4,MARIMUTHU K,Bahujan Samaj Party,Elephant
Sivaganga,5,RAJAMANICKAM M,Desiya Makkal Sakthi Katchi,Balloon
Sivaganga,6,KULANTHAI RANI A,Tamilaga Vettri Kazhagam,Whistle
Sivaganga,7,MURUGANANTHAM GURU,All India Puratchi Thalaivar Makkal Munnettra Kazhagam,Coconut farm
Sivaganga,8,RAJESH X,Tamizhaga Vaazhvurimai Katchi,Camera
Sivaganga,9,RAJKUMAR C,Party for the Rights of Other backward Classes,Laptop
Sivaganga,10,IRUDAYARAJ V,Independent,Bead necklace
Sivaganga,11,KARTHIK M,Independent,Pen nib with seven rays
Sivaganga,12,KALEESWARAN M,Independent,Bricks
Sivaganga,13,SANTHANAM,Independent,Gas cylinder
Sivaganga,14,NAGAPRABU,Independent,Box
Sivaganga,15,PAULSAMY,Independent,Bat
Sivaganga,16,PRABAKARAN S.T,Independent,Matchbox
Sivaganga,17,RAMESH K,Independent,Bucket
Manamadurai,1,SHANMUGAPRIYA.M,Naam Tamilar Katchi,Farmer Carrying Plough
Manamadurai,2,TAMILARASI.A,Dravida Munnetra Kazhagam,Rising sun
Manamadurai,3,BALAGANAPATHY.V,Bharatiya Janata Party,Lotus
Manamadurai,4,ARUNPANDIAN.A,Tamizhaga Vaazhvurimai Katchi,Camera
Manamadurai,5,ARUMUGAM.V,Republican Party of India,Ganna kisan
Manamadurai,6,ELANGOVAN.D,Tamilaga Vettri Kazhagam,Whistle
Manamadurai,7,THILAGARAJ.K,All India Puratchi Thalaivar Makkal Munnettra Kazhagam,Coconut farm
Manamadurai,8,RAJAMANIKKAM.A,Puthiya Tamilagam,Gas cylinder
Manamadurai,9,KARUPPUSAMI.V,Independent,Television
Manamadurai,10,SHANKARGANESAN.S,Independent,Ship
Manamadurai,11,SATHISH.T,Independent,Telephone
Manamadurai,12,BHARATHIDASAN.S,Independent,Peas
Manamadurai,13,RAJU.J.M,Independent,Calculator
Manamadurai,14,VEERAPANDI.V,Independent,Flute
Melur,1,KOTTAIKUMAR,Naam Tamilar Katchi,Farmer Carrying Plough
Melur,2,P.PERIYAPULLAN (A) SELVAM,All India Anna Dravida Munnetra Kazhagam,Two leaves
Melur,3,P.VISWANATHAN,Indian National Congress,Hand
Melur,4,SONIAGANDHI,All India Puratchi Thalaivar Makkal Munnettra Kazhagam,Coconut farm
Melur,5,M.PANNEERSELVAM,Puthiya Tamilagam,Gas cylinder
Melur,6,A.MADURAIVEERAN,Tamilaga Vettri Kazhagam,Whistle
Melur,7,K.MEYYAR,Communist Party of India (Marxist-Leninist) (Liberation),Flag with three stars
Melur,8,K.SETHURAMAN,Independent,Water tank
Melur,9,S.BOOPATHI,Independent,Well
Melur,10,K.MANIKANDAPRABU,Independent,Truck
Melur,11,M.MURUGAN,Independent,Computer
Melur,12,C.MOHANRAM,Independent,Carrom board
Melur,13,C.RAMESH,Independent,CCTV Camera
Madurai East,1,SELVAM K,Naam Tamilar Katchi,Farmer Carrying Plough
Madurai East,2,MAHENDRAN K,All India Anna Dravida Munnetra Kazhagam,Two leaves
Madurai East,3,MOORTHY P,Dravida Munnetra Kazhagam,Rising sun
Madurai East,4,KARTHIKEYAN S,Tamilaga Vettri Kazhagam,Whistle
Madurai East,5,BHARATHIRAJA A,Puthiya Tamilagam,Gas cylinder
Madurai East,6,PRINCE S,Republican Party of India (Athawale),Ganna kisan
Madurai East,7,BOOMIRAJAN K,Tamizhaga Vaazhvurimai Katchi,Camera
Madurai East,8,ARASU S,Independent,CCTV Camera
Madurai East,9,ARUN PANDIAN A J,Independent,Television
Madurai East,10,AJAY KANNAN A,Independent,Frying pan
Madurai East,11,KARTHIKEYAN G,Independent,Tea filter
Madurai East,12,CHANDRA MOULISWARAN A,Independent,Dumbbells
Madurai East,13,PITCHAI V,Independent,Electric pole
Madurai East,14,MUGESHKUMAR M,Independent,Diamond
Madurai East,15,VELLADURAI A,Independent,Jackfruit
Sholavandan,1,NAGALAKSHMI THIRUMARAN.T,Naam Tamilar Katchi,Farmer Carrying Plough
Sholavandan,2,MANICKAM.K,All India Anna Dravida Munnetra Kazhagam,Two leaves
Sholavandan,3,VENKATESAN.A,Dravida Munnetra Kazhagam,Rising sun
Sholavandan,4,KARUPPAIAH.M.V,Tamilaga Vettri Kazhagam,Whistle
Sholavandan,5,THANGAPANDI.P,Tamizhaga Vaazhvurimai Katchi,Camera
Sholavandan,6,BALAMURUGAN.K,All India Puratchi Thalaivar Makkal Munnettra Kazhagam,Coconut farm
Sholavandan,7,RAGHU.K,Puthiya Tamilagam,Gas cylinder
Sholavandan,8,RAMADOSS.C,Indhu Dravida Makkal Katchi,Well
Sholavandan,9,AJAY SUBASH.B,Independent,Air conditioner
Sholavandan,10,KRISHNASAMY.P,Independent,Almirah
Sholavandan,11,GUNASEKARAN.P,Independent,Bat
Sholavandan,12,BALAMURUGAN.C,Independent,Baby walker
Sholavandan,13,BALAMURUGAN.R,Independent,Balloon
Sholavandan,14,RANJITH KUMAR.S,Independent,Television
Madurai North,1,P.SARAVANAN,All India Anna Dravida Munnetra Kazhagam,Two leaves
Madurai North,2,G.THALAPATHI,Dravida Munnetra Kazhagam,Rising sun
Madurai North,3,V THIRUNAVUKKARASU,Naam Tamilar Katchi,Farmer Carrying Plough
Madurai North,4,A.KALLANAI,Tamilaga Vettri Kazhagam,Whistle
Madurai North,5,R RAJKUMAR,Naam Indiar Party,Spanner
Madurai North,6,M J VOLTAIRE,Socialist Unity Centre Of India (COMMUNIST),Gas cylinder
Madurai North,7,N.KUPPUSAMY,Independent,Electric pole
Madurai North,8,J.KESAVARAJAH,Independent,Tooth brush
Madurai North,9,M.P.SANKARAPANDI,Independent,Matchbox
Madurai North,10,C.SATHISHKUMAR,Independent,Stethoscope
Madurai North,11,D.MOHAMED ISMAIL,Independent,Pen drive
Madurai North,12,P MUTHUSAMY,Independent,Mike
Madurai North,13,A.RAJANGAM,Independent,Baby walker
Madurai South,1,RAAMA SREENIVASAN,Bharatiya Janata Party,Lotus
Madurai South,2,B.M.SUMATHY,Naam Tamilar Katchi,Farmer Carrying Plough
Madurai South,3,M.BOOMINATHAN,Dravida Munnetra Kazhagam,Rising sun
Madurai South,4,S.IRUTHYARAJ,Tamizhaga Vaazhvurimai Katchi,Camera
Madurai South,5,M.M.GOPISON,Tamilaga Vettri Kazhagam,Whistle
Madurai South,6,K.JEYA,Independent,Electric pole
Madurai Central,1,ABDUL HAKEEM  K,Naam Tamilar Katchi,Farmer Carrying Plough
Madurai Central,2,SUNDAR  C,All India Anna Dravida Munnetra Kazhagam,Two leaves
Madurai Central,3,PALANIVEL THIAGA RAJAN,Dravida Munnetra Kazhagam,Rising sun
Madurai Central,4,RAMAR PANDI  T,Bahujan Samaj Party,Elephant
Madurai Central,5,SAKKARAVARTHY P,All India Puratchi Thalaivar Makkal Munnettra Kazhagam,Coconut farm
Madurai Central,6,MADHAR BADHURUDEEN,Tamilaga Vettri Kazhagam,Whistle
Madurai Central,7,AVADAINATHAN  V,Independent,Balloon
Madurai Central,8,GURU KARTHICK T,Independent,Flute
Madurai Central,9,SALEEM,Independent,Ring
Madurai Central,10,SIVAPERUMAL V,Independent,Mike
Madurai Central,11,MANIVANNAN,Independent,Gas cylinder
Madurai Central,12,RAJENDRAN R,Independent,Battery Torch
Madurai West,1,SELLUR K RAJU,All India Anna Dravida Munnetra Kazhagam,Two leaves
Madurai West,2,BALAJI R,Dravida Munnetra Kazhagam,Rising sun
Madurai West,3,VIGNESHKUMAR S,Naam Tamilar Katchi,Farmer Carrying Plough
Madurai West,4,THANGAPANDI SR,Tamilaga Vettri Kazhagam,Whistle
Madurai West,5,MADURAI VEERAN S,Tamizhaga Vaazhvurimai Katchi,Camera
Madurai West,6,MUTHUPANDI R,Vishwa Tamil Kazhagam,Ring
Madurai West,7,ANANDH K,Independent,Flute
Madurai West,8,THARMA PRABU V S,Independent,Diamond
Madurai West,9,MANOJ KUMAR R,Independent,Diesel pump
Madurai West,10,MUTHUKUMAR S,Independent,Binoculars
Madurai West,11,MUTHUKUMAR D,Independent,Clip
Madurai West,12,RAHAMADULLAH S,Independent,Green chilli
Madurai West,13,RAJKUMAR S,Independent,Coconut farm
Madurai West,14,VENKATESAN M,Independent,Balloon
Thiruparankundram,1,KIRUTHIGA THANGAPANDI,Dravida Munnetra Kazhagam,Rising sun
Thiruparankundram,2,SATHYADEVI. T.,Naam Tamilar Katchi,Farmer Carrying Plough
Thiruparankundram,3,RAJANCHELLAPPA. V.V.,All India Anna Dravida Munnetra Kazhagam,Two leaves
Thiruparankundram,4,CHELLADURAI. R,Naam Indiar Party,Spanner
Thiruparankundram,5,SETHURAMAN. A.,Puthiya Tamilagam,Gas cylinder
Thiruparankundram,6,SYED IBRAHIM. M.,Tamizhaga Vaazhvurimai Katchi,Camera
Thiruparankundram,7,THANAPANDIAN. T.,All India Puratchi Thalaivar Makkal Munnettra Kazhagam,Coconut farm
Thiruparankundram,8,NIRMALKUMAR. R.,Tamilaga Vettri Kazhagam,Whistle
Thiruparankundram,9,MOOKKAYEE. C.,Ezhuchi Tamilargal Munnetra Kazhagam,Jackfruit
Thiruparankundram,10,RENGANATHAN DORAISAMY,Rashtriya Samaj Dal (R),Ring
Thiruparankundram,11,ARUMUGAM. G.,Independent,Bat
Thiruparankundram,12,UKKRA PANDIAN. S.,Independent,Matchbox
Thiruparankundram,13,POUNRAJ. N.,Independent,Calculator
Thiruparankundram,14,RAJ. P.,Independent,Tooth brush
Thiruparankundram,15,VALLARASAN. K.,Independent,Air conditioner
Thirumangalam,1,UDHAYAKUMAR.R.B,All India Anna Dravida Munnetra Kazhagam,Two leaves
Thirumangalam,2,MANIMARAN.M,Dravida Munnetra Kazhagam,Rising sun
Thirumangalam,3,MUNISH.N,Naam Tamilar Katchi,Farmer Carrying Plough
Thirumangalam,4,ALAGAR.A,Ezhuchi Tamilargal Munnetra Kazhagam,Jackfruit
Thirumangalam,5,KALAISELVI.R,Ahila India Dhayaga Makkal Munnetra Katchi,Ring
Thirumangalam,6,SATHISHKUMAR.N,Tamilaga Vettri Kazhagam,Whistle
Thirumangalam,7,JEEVITHA NACHIYAR.B,All India Puratchi Thalaivar Makkal Munnettra Kazhagam,Coconut farm
Thirumangalam,8,AYYANAN.P,Independent,Matchbox
Thirumangalam,9,GIRISHKUMAR.A,Independent,Almirah
Thirumangalam,10,SAKKARAVARTHY.P,Independent,Water melon
Thirumangalam,11,NAGOOR.M,Independent,Pencil box
Thirumangalam,12,BHARATH.M,Independent,Mike
Thirumangalam,13,MUTHURAJA.M,Independent,Calculator
Thirumangalam,14,MURUGAN.S,Independent,Gas cylinder
Thirumangalam,15,VENGATESWARAN.B,Independent,Cot
Usilampatti,1,ABIRAMI. D,Naam Tamilar Katchi,Farmer Carrying Plough
Usilampatti,2,SARAVANAKUMAR. T,Indian National Congress,Hand
Usilampatti,3,MAHENDRAN. I,All India Anna Dravida Munnetra Kazhagam,Two leaves
Usilampatti,4,VELLAIPANDI. V,Bahujan Samaj Party,Elephant
Usilampatti,5,AYYAPPAN. P,All India Puratchi Thalaivar Makkal Munnettra Kazhagam,Coconut farm
Usilampatti,6,VIJAY. M,Tamilaga Vettri Kazhagam,Whistle
Usilampatti,7,KIRANYA. S,Independent,Ship
Usilampatti,8,DHANASEKARAN. T,Independent,Throwing a javelin
Usilampatti,9,THIAGARAJAN. O. V,Independent,Mike
Usilampatti,10,THIRUMOORTHY. A,Independent,Lady finger
Usilampatti,11,PRAVEENA. S,Independent,Diamond
Usilampatti,12,MUTHU. N,Independent,Water melon
Andipatti,1,ESAKKIAMMAL.M,Bahujan Samaj Party,Elephant
Andipatti,2,GOMATHI .M,Naam Tamilar Katchi,Farmer Carrying Plough
Andipatti,3,MAHARAJAN.A,Dravida Munnetra Kazhagam,Rising sun
Andipatti,4,LOGIRAJAN.A,All India Anna Dravida Munnetra Kazhagam,Two leaves
Andipatti,5,IRUMBORAI.G,Communist Party of India (Marxist-Leninist) Red Star,Truck
Andipatti,6,ELAYARAJA.M,Puthiya Tamilagam,Gas cylinder
Andipatti,7,CHELLAPANDIYAN.S,All India Puratchi Thalaivar Makkal Munnettra Kazhagam,Coconut farm
Andipatti,8,PANDI.V,Tamilaga Vettri Kazhagam,Whistle
Andipatti,9,MOHAMMED RUKMAN.M,Tamizhaga Vaazhvurimai Katchi,Camera
Andipatti,10,JEYAMURUGAN.M.P,Veerath Thiyagi Viswanathadoss Thozhilalarkal Katchi,Pestle and mortar
Andipatti,11,KARUPPAIYA,Independent,Dumbbells
Andipatti,12,GOPAL.S,Independent,Diamond
Andipatti,13,GOPINATH.P,Independent,Baby walker
Andipatti,14,NEELAKANNAN.T,Independent,Ship
Andipatti,15,PACKIARAJ.S,Independent,Matchbox
Andipatti,16,PANDIDURAI.P,Independent,Cauliflower
Andipatti,17,VIJAYARAJ.R,Independent,Brief case
Andipatti,18,JAGADEESAN.P,Independent,Binoculars
Periyakulam,1,SAKTHIVEL P.,Viduthalai Chiruthaigal Katchi,Pot
Periyakulam,2,VIMALA R.,Naam Tamilar Katchi,Farmer Carrying Plough
Periyakulam,3,DR KATHIRKAMU K.,Amma Makkal Munnettra Kazagam,Pressure cooker
Periyakulam,4,SABARI IYNGARAN G.,Tamilaga Vettri Kazhagam,Whistle
Periyakulam,5,MARISAMY V.,Puthiya Tamilagam,Gas cylinder
Periyakulam,6,RANJEETH KUMAR J.,Socialist Unity Centre Of India (COMMUNIST),Scissors
Periyakulam,7,ABITHA M.,Independent,Kettle
Periyakulam,8,KUMAR S.,Independent,Frying pan
Periyakulam,9,SANMUGAVEL K.,Independent,Pan
Periyakulam,10,SELVARAJ R.,Independent,Funnel
Periyakulam,11,PALANICHAMY T.,Independent,Tea filter
Periyakulam,12,DR. MOHANRAJ A.C. (P.T),Independent,Batsman
Periyakulam,13,VAIRAMUTHU D.,Independent,Mixee
Bodinayakanur,1,KALAIARASU.S,Naam Tamilar Katchi,Farmer Carrying Plough
Bodinayakanur,2,NARAYANASAMY V.T.,All India Anna Dravida Munnetra Kazhagam,Two leaves
Bodinayakanur,3,PANNEERSELVAM.O,Dravida Munnetra Kazhagam,Rising sun
Bodinayakanur,4,PADMANABHAN.N,All India Puratchi Thalaivar Makkal Munnettra Kazhagam,Coconut farm
Bodinayakanur,5,DR.PANDIKUMAR.S,Communist Party of India (Marxist-Leninist) (Liberation),Flag with three stars
Bodinayakanur,6,PRAKASH.S,Tamilaga Vettri Kazhagam,Whistle
Bodinayakanur,7,RAJA.M,Vishwa Tamil Kazhagam,Ring
Bodinayakanur,8,KARUPPAIAH.G,Independent,Gas cylinder
Bodinayakanur,9,GOWTHAM.R,Independent,Jackfruit
Bodinayakanur,10,CHANDRASEKARAN.S,Independent,Ship
Bodinayakanur,11,SARAVANAKUMAR.V,Independent,Mike
Bodinayakanur,12,SELVAMURUGAN.P,Independent,Tea filter
Bodinayakanur,13,NAGANANTHINI.V,Independent,Diamond
Bodinayakanur,14,BALASUBRAMANI.R,Independent,Bat
Bodinayakanur,15,VELRAJ.K,Independent,Nail cutter
Cumbum,1,ANBUSELVI A,Naam Tamilar Katchi,Farmer Carrying Plough
Cumbum,2,ERAMAKRISHNAN N,Dravida Munnetra Kazhagam,Rising sun
Cumbum,3,JAKKAIYAN S.T.K.,All India Anna Dravida Munnetra Kazhagam,Two leaves
Cumbum,4,KATHIRAVAN S,New Generation People's Party,Gas cylinder
Cumbum,5,MUTHU BAGAVATHI M.,Tamizhaga Vaazhvurimai Katchi,Camera
Cumbum,6,JEGANATHMISHRA PLA,Tamilaga Vettri Kazhagam,Whistle
Cumbum,7,ASHOK KUMAR A,Independent,Bucket
Cumbum,8,ARUNKUMAR A,Independent,Clip
Cumbum,9,SARAVANAN S.R.,Independent,Lady finger
Cumbum,10,SUBRAMANIYAM L R,Independent,Electric pole
Cumbum,11,THASTHAKEER I,Independent,Coconut farm
Cumbum,12,NANTHAKUMAR A.,Independent,Football player
Cumbum,13,BALAN R,Independent,Ship
Cumbum,14,PRAKASH P.,Independent,Diamond
Cumbum,15,PRAKASH P.,Independent,Bat
Cumbum,16,MUTHUSELVAM G.,Independent,Frying pan
Cumbum,17,RAJADURAI S,Independent,Box
Cumbum,18,RAJAMOHAMMED T,Independent,Hand cart
Cumbum,19,VINOTH KUMAR R,Independent,Almirah
Rajapalayam,1,DR. KARTHIKEYAN. T.E.,Naam Tamilar Katchi,Farmer Carrying Plough
Rajapalayam,2,THANGAPANDIAN. S,Dravida Munnetra Kazhagam,Rising sun
Rajapalayam,3,PRISCILLA PANDIAN. J,Bharatiya Janata Party,Lotus
Rajapalayam,4,NASRIN BANU. T,Republican Party of India (Athawale),Ganna kisan
Rajapalayam,5,RAMADEVI. T,Puthiya Tamilagam,Gas cylinder
Rajapalayam,6,JEGADESHWARI. K,Tamilaga Vettri Kazhagam,Whistle
Rajapalayam,7,HARISH. A,All India Puratchi Thalaivar Makkal Munnettra Kazhagam,Coconut farm
Rajapalayam,8,ALAGUPANDIAN. A,Independent,Bricks
Rajapalayam,9,ALAGUMURUGAN. S,Independent,Diamond
Rajapalayam,10,GANESAN. K,Independent,Electric pole
Rajapalayam,11,SHANMUGACHANDRA VELAVAN. C.C,Independent,Razor
Rajapalayam,12,SARAVANAN. G,Independent,Tiller
Rajapalayam,13,SAMUEL RAJ,Independent,Television
Rajapalayam,14,SELVAKUMAR. A,Independent,Jackfruit
Rajapalayam,15,SELVI. K,Independent,Matchbox
Rajapalayam,16,THANGAPANDI. B,Independent,Helmet
Rajapalayam,17,BALAMURUGAN. V,Independent,Balloon
Rajapalayam,18,MANMATHAN. M,Independent,Batsman
Rajapalayam,19,MUTHULAKSHMI. R,Independent,Tube light
Rajapalayam,20,MURUGAN. D,Independent,Lunch box
Rajapalayam,21,VIJENDRAN. G,Independent,Ring
Rajapalayam,22,JEGATHISHWARI. N,Independent,Pressure cooker
Srivilliputhur,1,KARIKALAPANDIYAN.A,Naam Tamilar Katchi,Farmer Carrying Plough
Srivilliputhur,2,CHANDRAPRABHA.M,All India Anna Dravida Munnetra Kazhagam,Two leaves
Srivilliputhur,3,MAHALINGAM.P,Communist Party of India,Ears of corn and sickle
Srivilliputhur,4,KARTHIK.A,Tamilaga Vettri Kazhagam,Whistle
Srivilliputhur,5,CHANDRA.M,All India Puratchi Thalaivar Makkal Munnettra Kazhagam,Coconut farm
Srivilliputhur,6,VARATHARAJAN.A,Naam Indiar Party,Spanner
Srivilliputhur,7,DR. SHYAM KRISHNASAMY,Puthiya Tamilagam,Gas cylinder
Srivilliputhur,8,ALAGURAJA T,Independent,Boat with man and sail
Srivilliputhur,9,SUDANDIRADOSS.M,Independent,Air conditioner
Srivilliputhur,10,SURYAPRAKASH.R,Independent,Television
Srivilliputhur,11,DEVIALAKSHMI SARANYA.K,Independent,Peas
Srivilliputhur,12,PANDIYAMMAL.M,Independent,Ring
Srivilliputhur,13,MUTHURAJ.U,Independent,Stethoscope
Srivilliputhur,14,MURUGESAN.S,Independent,Mike
Sattur,1,ANANDHARAJA. D.,Naam Tamilar Katchi,Farmer Carrying Plough
Sattur,2,KADARKARAIRAJ. A,Dravida Munnetra Kazhagam,Rising sun
Sattur,3,KAMALA VEL SELVAN. P,Bahujan Samaj Party,Elephant
Sattur,4,NAINAR NAGENTHRAN,Bharatiya Janata Party,Lotus
Sattur,5,AJITH. M,Tamilaga Vettri Kazhagam,Whistle
Sattur,6,ESAKKIRAJA. K,All India Puratchi Thalaivar Makkal Munnettra Kazhagam,Coconut farm
Sattur,7,THANGA DURAI. P,Puthiya Makkal Tamil Desam Katchi,Baby walker
Sattur,8,MUTHUKANNU. C,Tamilaga Makkal Nala Katchi,Electric pole
Sattur,9,VELMURUGAN. S,Puthiya Tamilagam,Gas cylinder
Sattur,10,AJITHKUMAR. S,Independent,Ring
Sattur,11,KALIRAJ. M,Independent,Bat
Sattur,12,SARAVANAN. P,Independent,Ship
Sattur,13,THANGA MARIAPPAN. J,Independent,Mike
Sattur,14,NARMADA NANDHAKUMAR,Independent,Belt
Sattur,15,MAHENDRAN. M,Independent,Spanner
Sattur,16,MAHESHKUMAR. M,Independent,Matchbox
Sattur,17,MANIVASAGAM.S,Independent,Diamond
Sattur,18,MAYAKKANNAN. V,Independent,Gas Stove
Sattur,19,MUTHARASAN. M,Independent,Battery Torch
Sattur,20,RAMESH KUMAR. B,Independent,Jackfruit
Sattur,21,VIJENDRAN. G,Independent,Sewing machine
Sattur,22,VENKATESAN. M,Independent,Telephone
Sivakasi,1,ASHOKAN G,Indian National Congress,Hand
Sivakasi,2,ESTHER MARY DIANA A,Naam Tamilar Katchi,Farmer Carrying Plough
Sivakasi,3,SURESH K,Bahujan Samaj Party,Elephant
Sivakasi,4,RAJENTHRABHALAJI K T,All India Anna Dravida Munnetra Kazhagam,Two leaves
Sivakasi,5,GANESAN M,All India Puratchi Thalaivar Makkal Munnettra Kazhagam,Coconut farm
Sivakasi,6,KANIPANDI M,Puthiya Tamilagam,Gas cylinder
Sivakasi,7,KEERTHANA S,Tamilaga Vettri Kazhagam,Whistle
Sivakasi,8,CHINNADURAI ALIAS DIMITRO S,Communist Party of India (Marxist-Leninist) (Liberation),Flag with three stars
Sivakasi,9,GANESAN S,Independent,Matchbox
Sivakasi,10,GANESAN V,Independent,Gift pack
Sivakasi,11,NAGALAKSHMI V,Independent,Pen drive
Sivakasi,12,MURUGAN M,Independent,Bucket
Sivakasi,13,RAMESH P,Independent,Pressure cooker
Sivakasi,14,VENKATESH V,Independent,Camera
Virudhunagar,1,GANESAN V.G.,All India Anna Dravida Munnetra Kazhagam,Two leaves
Virudhunagar,2,LAKSHMANAN,Naam Tamilar Katchi,Farmer Carrying Plough
Virudhunagar,3,VIJAYAPRABHAKAR,Desiya Murpokku Dravida Kazhagam,Nagara
Virudhunagar,4,SELVAM P,Tamilaga Vettri Kazhagam,Whistle
Virudhunagar,5,BALASUBRAMANIAM M,Puthiya Tamilagam,Gas cylinder
Virudhunagar,6,RATHINARAJA S,Nam Naadu Nam Makkal Nam Ethirkaalam Katchi,Battery Torch
Virudhunagar,7,VIKRAMAN N,Desa Makkal Munnetrak Kazhagam,Mike
Virudhunagar,8,AMIRTHA PANDI M.V,Independent,Throwing a javelin
Virudhunagar,9,AJAY I,Independent,Noodles bowl
Virudhunagar,10,GUNASUNDARAM R,Independent,Ring
Virudhunagar,11,GURUSAMY S,Independent,Diamond
Virudhunagar,12,SANTHOSH KUMAR R,Independent,Ship
Virudhunagar,13,SUBBURAJ K,Independent,Bat
Virudhunagar,14,MUTHUVEL S,Independent,Pressure cooker
Virudhunagar,15,RANJITH S,Independent,Electric pole
Aruppukkottai,1,RAMACHANDRAN. K.K.S.S.R,Dravida Munnetra Kazhagam,Rising sun
Aruppukkottai,2,SETHUPATHY. S,All India Anna Dravida Munnetra Kazhagam,Two leaves
Aruppukkottai,3,MANIMARAN. G,Naam Tamilar Katchi,Farmer Carrying Plough
Aruppukkottai,4,ELANGO. G,Ezhuchi Tamilargal Munnetra Kazhagam,Jackfruit
Aruppukkottai,5,GANESAN. V,Puthiya Makkal Tamil Desam Katchi,Baby walker
Aruppukkottai,6,KARTHIK KUMAR. K,Tamilaga Vettri Kazhagam,Whistle
Aruppukkottai,7,SANJAY GANDHI.  V,Desa Makkal Munnetrak Kazhagam,Mike
Aruppukkottai,8,DHARMARAJ. P,All India Puratchi Thalaivar Makkal Munnettra Kazhagam,Coconut farm
Aruppukkottai,9,RAGUPATHI. K,Puthiya Tamilagam,Gas cylinder
Aruppukkottai,10,ARUMUGAM. V,Independent,Gift pack
Aruppukkottai,11,ANANDHAN. A,Independent,Pressure cooker
Aruppukkottai,12,KARTHIK. M,Independent,Well
Aruppukkottai,13,ADVOCATE SADHURAGIRI. M,Independent,Helmet
Aruppukkottai,14,CHINNASAMY. G,Independent,Batsman
Aruppukkottai,15,SUNDARAMAHALINGAM. A,Independent,Bucket
Aruppukkottai,16,SUNDARAMOORTHI. S,Independent,Balloon
Aruppukkottai,17,SURESHKUMAR. K,Independent,Electric pole
Aruppukkottai,18,SENTHILKUMAR. S,Independent,Computer
Aruppukkottai,19,PALANIKUMAR. M,Independent,Biscuit
Aruppukkottai,20,MARIVEL. K,Independent,Bat
Aruppukkottai,21,MUNIYANDI. M,Independent,Iron
Aruppukkottai,22,RAMAKRISHNAN. S,Independent,Laptop
Aruppukkottai,23,RAMAMOORTHY. G,Independent,Matchbox
Aruppukkottai,24,VEERARAJ. R,Independent,Ring
Aruppukkottai,25,VENKATESAN. P.S,Independent,Calculator
Tiruchuli,1,AVARANGADU KARTHIK RAJA,Naam Tamilar Katchi,Farmer Carrying Plough
Tiruchuli,2,THANGAM THENARASU,Dravida Munnetra Kazhagam,Rising sun
Tiruchuli,3,RAJAVARMAN.M.S.R,All India Anna Dravida Munnetra Kazhagam,Two leaves
Tiruchuli,4,KANNAN.G,Ezhuchi Tamilargal Munnetra Kazhagam,Jackfruit
Tiruchuli,5,GUNASEKARAN.G,Puthiya Tamilagam,Gas cylinder
Tiruchuli,6,SAMAYAN.S,Tamilaga Vettri Kazhagam,Whistle
Tiruchuli,7,MURUGESAPANDIAN.T,All India Puratchi Thalaivar Makkal Munnettra Kazhagam,Coconut farm
Tiruchuli,8,RAJKUMAR.D,Tamizhaga Vaazhvurimai Katchi,Camera
Tiruchuli,9,VELLAISAMY.P,Ahimsa Socialist Party,Bricks
Tiruchuli,10,ARAVINTHASAMY.J,Independent,Electric pole
Tiruchuli,11,KALIMUTHU.S,Independent,Swing
Tiruchuli,12,GURUSAMY.T,Independent,Tennis racket & ball
Tiruchuli,13,CHENNA KESAVAN.P,Independent,Refrigerator
Tiruchuli,14,SETHURAMALINGAM.S,Independent,CCTV Camera
Tiruchuli,15,ADVOCATE THANGAPANDIAN,Independent,Helmet
Tiruchuli,16,NALLAMARUTHU.K,Independent,Balloon
Tiruchuli,17,PALANIYANDI.M,Independent,Door bell
Tiruchuli,18,MALAI ALAGU.M,Independent,Telephone
Tiruchuli,19,MARIMUTHU.M,Independent,Capsicum
Tiruchuli,20,MARNADU.M,Independent,Flute
Tiruchuli,21,MUNIYASAMY.R,Independent,Coat
Tiruchuli,22,RAJANGAM.C,Independent,Chain
Tiruchuli,23,JEYACHITRA,Independent,Lighter
Paramakudi,1,EZHIL ELAVARASI. R,Naam Tamilar Katchi,Farmer Carrying Plough
Paramakudi,2,ADVOCATE. KATHIRAVAN. K.K,Dravida Munnetra Kazhagam,Rising sun
Paramakudi,3,DR. MUTHIAH. S,All India Anna Dravida Munnetra Kazhagam,Two leaves
Paramakudi,4,AMIRTHA. M,All India Puratchi Thalaivar Makkal Munnettra Kazhagam,Coconut farm
Paramakudi,5,RATHINA PRAKASH. K,Puthiya Tamilagam,Gas cylinder
Paramakudi,6,GOPIRAJAN. G,Tamilaga Vettri Kazhagam,Whistle
Paramakudi,7,KATHIRAVAN. R,Independent,Diamond
Paramakudi,8,KARTHIK VANI. B,Independent,Gramophone
Paramakudi,9,MUTHTHIAH. M,Independent,Pen drive
Paramakudi,10,RADHA KRISHNAN. G,Independent,Dish antenna
Paramakudi,11,RAJA. M,Independent,Kettle
Paramakudi,12,RAJU. A,Independent,Ship
Tiruvadanai,1,RM. KARUMANICKAM,Indian National Congress,Hand
Tiruvadanai,2,M.KEERTHIKA,All India Anna Dravida Munnetra Kazhagam,Two leaves
Tiruvadanai,3,N PREMNATH,Naam Tamilar Katchi,Farmer Carrying Plough
Tiruvadanai,4,A MUTHUSAMY,Bahujan Samaj Party,Elephant
Tiruvadanai,5,R ILAIYARAJA,Indhu Dravida Makkal Katchi,Television
Tiruvadanai,6,K KALEESWARAN,Tamizhaga Vaazhvurimai Katchi,Camera
Tiruvadanai,7,S SURESH KASINI VENTHAN,All India Forward Bloc,Lion
Tiruvadanai,8,S.BALUSAMY,Puthiya Tamilagam,Gas cylinder
Tiruvadanai,9,RAJEEV,Tamilaga Vettri Kazhagam,Whistle
Tiruvadanai,10,MS ABDUL BAKKI,Independent,Matchbox
Tiruvadanai,11,ALLA PICHAI,Independent,Almirah
Tiruvadanai,12,ALAGARSAMY PANDIAN,Independent,Ship
Tiruvadanai,13,N ANBU BAGURUDEEN,Independent,Balloon
Tiruvadanai,14,SAKTHIK KUMAR,Independent,Black board
Tiruvadanai,15,B SIKKANDAR,Independent,Bucket
Tiruvadanai,16,A SEGU ALI UDUMAN,Independent,Refrigerator
Tiruvadanai,17,R THILAGESWARAN,Independent,Flute
Tiruvadanai,18,A DINESH KUMAR,Independent,Mike
Tiruvadanai,19,DEVASITHAM,Independent,Bat
Tiruvadanai,20,A MANI,Independent,Ring
Tiruvadanai,21,M.VIJAY,Independent,Coconut farm
Ramanathapuram,1,KATHARBATCHA MUTHURAMALINGAM,Dravida Munnetra Kazhagam,Rising sun
Ramanathapuram,2,GBS K.NAGENDRAN,Bharatiya Janata Party,Lotus
Ramanathapuram,3,S.M. MUTHU KESAVAN,Naam Tamilar Katchi,Farmer Carrying Plough
Ramanathapuram,4,DR.J. ABUBAKKAR SITHICK,Anna Puratchi Thalaivar Amma Dravida Munnetra Kazhagam,Jackfruit
Ramanathapuram,5,SHAHUL HAMEED,Tamilaga Vettri Kazhagam,Whistle
Ramanathapuram,6,C. PARIRAJAN,Veerath Thiyagi Viswanathadoss Thozhilalarkal Katchi,Pestle and mortar
Ramanathapuram,7,S. MURUGABOOPATHY,Communist Party of India (Marxist-Leninist) (Liberation),Flag with three stars
Ramanathapuram,8,KAN ILANGO,Independent,Ship
Ramanathapuram,9,KARTHIGAI PANDI,Independent,Cauliflower
Ramanathapuram,10,A. CHINNA RAJA,Independent,Gas cylinder
Ramanathapuram,11,BALAKRISHNAN,Independent,Water melon
Ramanathapuram,12,PULLANI,Independent,Balloon
Ramanathapuram,13,K. MALESWARAN,Independent,Flute
Mudhukulathur,1,CHANDRA PRABHA JEYAPAL,Naam Tamilar Katchi,Farmer Carrying Plough
Mudhukulathur,2,S.PANDI,All India Anna Dravida Munnetra Kazhagam,Two leaves
Mudhukulathur,3,R.S.RAJAKANNAPPAN,Dravida Munnetra Kazhagam,Rising sun
Mudhukulathur,4,M. IRULANDI,Namadhu Makkal Katchi,Pen nib with seven rays
Mudhukulathur,5,A. SARAVANAKUMAR,Naam Indiar Party,Spanner
Mudhukulathur,6,K.SENTHIL MALLAR,Tamizhaga Vaazhvurimai Katchi,Camera
Mudhukulathur,7,G. SELVARAJ,Puthiya Makkal Tamil Desam Katchi,Baby walker
Mudhukulathur,8,MALARVIZHI. B,Tamilaga Vettri Kazhagam,Whistle
Mudhukulathur,9,C.MALAISELVAM,Puthiya Tamilagam,Gas cylinder
Mudhukulathur,10,DR.R.RAMKUMAR,All India Puratchi Thalaivar Makkal Munnettra Kazhagam,Coconut farm
Mudhukulathur,11,K.GANGAI AMARAN,Independent,Football player
Mudhukulathur,12,M.KARUPPA SAMY,Independent,Boat with man and sail
Mudhukulathur,13,C.KENGUSAMY,Independent,Bricks
Mudhukulathur,14,SATHIYAM C.SARAVANAN,Independent,Jackfruit
Mudhukulathur,15,V.PANDI,Independent,Electric pole
Mudhukulathur,16,M.BOOMINATHAN (A) M.K.VAIYAVAN,Independent,Matchbox
Mudhukulathur,17,K.MURUGAN,Independent,Road roller
Mudhukulathur,18,R.MOOVENDRAN,Independent,Battery Torch
Mudhukulathur,19,RAVI GOVINTHAN,Independent,Cauliflower
Mudhukulathur,20,K.RAJAKUMAR,Independent,Ship
Vilathikulam,1,R. SATHYA,All India Anna Dravida Munnetra Kazhagam,Two leaves
Vilathikulam,2,BALAJI RAMACHANDRAN,Naam Tamilar Katchi,Farmer Carrying Plough
Vilathikulam,3,MARKANDAYAN G V,Dravida Munnetra Kazhagam,Rising sun
Vilathikulam,4,P. KASIRAM,Tamilaga Vettri Kazhagam,Whistle
Vilathikulam,5,R. PERUMAL,Naam Indiar Party,Spanner
Vilathikulam,6,C. PONPANDI,All India Puratchi Thalaivar Makkal Munnettra Kazhagam,Coconut farm
Vilathikulam,7,P.MADASAMY,Puthiya Tamilagam,Gas cylinder
Vilathikulam,8,K. AJAY KUMAR,Independent,Diamond
Vilathikulam,9,V. GANESAN,Independent,Bat
Vilathikulam,10,A. PATTURAJ,Independent,T.V. Remote
Vilathikulam,11,A. PRABAHAR,Independent,Air conditioner
Vilathikulam,12,M. PONNUSAMY,Independent,Television
Vilathikulam,13,G. MUNIYASAMY,Independent,Calculator
Vilathikulam,14,P. RAJASEKARAN,Independent,Matchbox
Vilathikulam,15,P. JEYAKUMAR,Independent,Balloon
Thoothukkudi,1,P. GEETHA JEEVAN,Dravida Munnetra Kazhagam,Rising sun
Thoothukkudi,2,CHELLAPANDIAN S.T.,All India Anna Dravida Munnetra Kazhagam,Two leaves
Thoothukkudi,3,JACOB DEVADOSS ABISHEAK R.,Naam Tamilar Katchi,Farmer Carrying Plough
Thoothukkudi,4,YESADURAI S.,All India Puratchi Thalaivar Makkal Munnettra Kazhagam,Coconut farm
Thoothukkudi,5,KIDAR SAMSDEEN N.A.,Tamizhaga Vaazhvurimai Katchi,Camera
Thoothukkudi,6,SAHAYAM T.,Communist Party of India (Marxist-Leninist) (Liberation),Flag with three stars
Thoothukkudi,7,PRASANNA KUMAR M.,Makkal Nalvaazhvuk Katchi,Ship
Thoothukkudi,8,PONKUMARAN P.P.M.T,Nam Naadu Nam Makkal Nam Ethirkaalam Katchi,Mike
Thoothukkudi,9,SRIKANTH M.V.,Naam Indiar Party,Spanner
Thoothukkudi,10,SRINATH,Tamilaga Vettri Kazhagam,Whistle
Thoothukkudi,11,SAMUEL J.,Independent,Tea filter
Thoothukkudi,12,DHINAKARAN S.T.R.M.,Independent,Pressure cooker
Thoothukkudi,13,BABU P.,Independent,Pen nib with seven rays
Thoothukkudi,14,MARUTHU PANDIAN P.,Independent,Jackfruit
Thoothukkudi,15,MUNEESWARA MOORTHY S.,Independent,Diamond
Tiruchendur,1,ANITHA R. RADHAKRISHNAN,Dravida Munnetra Kazhagam,Rising sun
Tiruchendur,2,OPHILIYA,Naam Tamilar Katchi,Farmer Carrying Plough
Tiruchendur,3,K R M RADHAKRISHNAN,Bharatiya Janata Party,Lotus
Tiruchendur,4,GOPALAKRISHNAN,All India Puratchi Thalaivar Makkal Munnettra Kazhagam,Coconut farm
Tiruchendur,5,PACKIA SAM. T,Naam Indiar Party,Spanner
Tiruchendur,6,MAHARAJAN. M,Puthiya Makkal Tamil Desam Katchi,Baby walker
Tiruchendur,7,J. MURUGAN,Tamilaga Vettri Kazhagam,Whistle
Tiruchendur,8,RASIK MUSSAMMIL. K,Tamizhaga Vaazhvurimai Katchi,Camera
Tiruchendur,9,SHAIK ABDUL KADER. P.S.J,Independent,Diamond
Tiruchendur,10,MEERA SAHIB,Independent,Black board
Tiruchendur,11,RAJALINGAM. M,Independent,Belt
Tiruchendur,12,VEERAPPA. T,Independent,Bench
Tiruchendur,13,VENKATESH PERUMAL. S,Independent,Ship
Srivaikuntam,1,OORVASI AMIRTHARAJ. S,Indian National Congress,Hand
Srivaikuntam,2,SHUNMUGASUNDARAM. S,Naam Tamilar Katchi,Farmer Carrying Plough
Srivaikuntam,3,SHANMUGANATHAN. S. P,All India Anna Dravida Munnetra Kazhagam,Two leaves
Srivaikuntam,4,SARAVANAN. G,Tamilaga Vettri Kazhagam,Whistle
Srivaikuntam,5,SUDALAIMANI. A,Nam Naadu Nam Makkal Nam Ethirkaalam Katchi,Balloon
Srivaikuntam,6,SUBRAMANIAN. M,Puthiya Makkal Tamil Desam Katchi,Baby walker
Srivaikuntam,7,BHARATH. M,Naam Indiar Party,Spanner
Srivaikuntam,8,MUNDASAMY.  K,Vishwa Tamil Kazhagam,Ring
Srivaikuntam,9,MUTHURAMALINGAM. S,All India Forward Bloc,Lion
Srivaikuntam,10,RAJASUTHAN. N,Puthiya Tamilagam,Gas cylinder
Srivaikuntam,11,VIYANARASU. A,Tamizhaga Vaazhvurimai Katchi,Camera
Srivaikuntam,12,ARUNACHALAM. C,Independent,Ship
Srivaikuntam,13,BISHOP DR GODFREY NOBLE,Independent,Tube light
Srivaikuntam,14,MURUGAN. S,Independent,Bangles
Srivaikuntam,15,VASANTH FERNANDO. T,Independent,Road roller
Ottapidaram,1,M. ANUSIYA,Naam Tamilar Katchi,Farmer Carrying Plough
Ottapidaram,2,P.M.RAMAJEYAM,Dravida Munnetra Kazhagam,Rising sun
Ottapidaram,3,C. ARUNA DEVI,Nam Naadu Nam Makkal Nam Ethirkaalam Katchi,Mike
Ottapidaram,4,DR.K. KRISHNASAMY,Puthiya Tamilagam,Gas cylinder
Ottapidaram,5,R SUNDARARAJ,Amma Makkal Munnettra Kazagam,Pressure cooker
Ottapidaram,6,SUBBULAKSHMI. S,Naam Indiar Party,Spanner
Ottapidaram,7,C .SELVAKUMAR,Tamizhaga Vaazhvurimai Katchi,Camera
Ottapidaram,8,P .MATHANRAJA,Tamilaga Vettri Kazhagam,Whistle
Ottapidaram,9,M. ANANTH,Independent,Balloon
Ottapidaram,10,S .MUTHUSELVAM,Independent,Black board
Ottapidaram,11,G .MURUGAN,Independent,Bangles
Ottapidaram,12,M .LAKSHMANAN,Independent,Bat
Ottapidaram,13,VEDAPRAKASH. A,Independent,Diamond
Kovilpatti,1,KADAMBUR RAJU.C,All India Anna Dravida Munnetra Kazhagam,Two leaves
Kovilpatti,2,KARUNANITHI.K,Dravida Munnetra Kazhagam,Rising sun
Kovilpatti,3,PANDI.P,Naam Tamilar Katchi,Farmer Carrying Plough
Kovilpatti,4,RAMACHANDRAN.R,Bahujan Samaj Party,Elephant
Kovilpatti,5,ARUMUGAVEL.T,Naam Indiar Party,Spanner
Kovilpatti,6,KANNAN.S,All India Puratchi Thalaivar Makkal Munnettra Kazhagam,Coconut farm
Kovilpatti,7,SARAVANAN.S,Thamizh Perarasu Katchi,Matchbox
Kovilpatti,8,BALASUBRAMANIAN.S,Tamilaga Vettri Kazhagam,Whistle
Kovilpatti,9,HARI BALAKRISHNAN.G,Puthiya Makkal Tamil Desam Katchi,Baby walker
Kovilpatti,10,ATHIKUMAR KUDUMBAR.B,Independent,Gas cylinder
Kovilpatti,11,GUNASEKARAN.P,Independent,Flute
Kovilpatti,12,GURUSAMY.K,Independent,Road roller
Kovilpatti,13,CHINNA MAHARAJA.K,Independent,Chappals
Kovilpatti,14,SEKAR.C,Independent,Television
Kovilpatti,15,PARAMASIVAN.S,Independent,Scissors
Kovilpatti,16,POUNDURAI.K,Independent,Bat
Kovilpatti,17,PANDIMUNEESWARI.K,Independent,Diamond
Kovilpatti,18,PREMKUMAR.K,Independent,Green chilli
Kovilpatti,19,PONNUSAMY.M,Independent,Bucket
Kovilpatti,20,MUNEESWARAN.R,Independent,Electric pole
Kovilpatti,21,RENGANAYAGALU.S,Independent,Tiller
Sankarankovil,1,SANGAI. GANESAN,Indian National Congress,Hand
Sankarankovil,2,M. KAVITHA,Naam Tamilar Katchi,Farmer Carrying Plough
Sankarankovil,3,DR. DHILIPAN JAISHANKAR,All India Anna Dravida Munnetra Kazhagam,Two leaves
Sankarankovil,4,S. MARIAPPAN,Bahujan Samaj Party,Elephant
Sankarankovil,5,N.SELVAM,Naam Indiar Party,Spanner
Sankarankovil,6,K. THANGAVEL,Puthiya Makkal Tamil Desam Katchi,Baby walker
Sankarankovil,7,J. PANDI,Bharatha Makkal Katchi,Balloon
Sankarankovil,8,PRABAKARAN,Puthiya Tamilagam,Gas cylinder
Sankarankovil,9,C. RAVI,Tamilaga Makkal Nala Katchi,Electric pole
Sankarankovil,10,C. RAMARAJAN,Tamilaga Vettri Kazhagam,Whistle
Sankarankovil,11,VASANTHI MURUGESAN,All India Puratchi Thalaivar Makkal Munnettra Kazhagam,Coconut farm
Sankarankovil,12,VELRAJ .S,Tamizhaga Vaazhvurimai Katchi,Camera
Sankarankovil,13,S.ARULRAJ,Independent,Binoculars
Sankarankovil,14,ANAND,Independent,Peas
Sankarankovil,15,K. SUBBURAJ,Independent,Nail cutter
Sankarankovil,16,K.SURESH,Independent,Diamond
Sankarankovil,17,V. PAULPANDIAN,Independent,Refrigerator
Sankarankovil,18,S. MUTHUSELVAN,Independent,Lady finger
Sankarankovil,19,K. RAVIKUMAR,Independent,Tooth brush
Sankarankovil,20,M. RAJ,Independent,Bat
Vasudevanallur,1,ANANTHAN AYYASAMY,Bharatiya Janata Party,Lotus
Vasudevanallur,2,ESAI MATHIVANAN,Naam Tamilar Katchi,Farmer Carrying Plough
Vasudevanallur,3,R. RAMESHKUMAR,Bahujan Samaj Party,Elephant
Vasudevanallur,4,E. RAJA,Dravida Munnetra Kazhagam,Rising sun
Vasudevanallur,5,R. AMUTHARANI,Tamilaga Vettri Kazhagam,Whistle
Vasudevanallur,6,K. PAULRAJ,Puthiya Tamilagam,Gas cylinder
Vasudevanallur,7,A. PONNUTHAI,All India Puratchi Thalaivar Makkal Munnettra Kazhagam,Coconut farm
Vasudevanallur,8,K. RAJENDRAN,Puthiya Makkal Tamil Desam Katchi,Baby walker
Vasudevanallur,9,B. VEERALAKSHMI,Tamilaga Makkal Nala Katchi,Electric pole
Vasudevanallur,10,M. ARUMUGASAMY,Independent,Matchbox
Vasudevanallur,11,P. KARPAGAVALLI,Independent,Diamond
Vasudevanallur,12,I. SARAVANAN,Independent,Bat
Vasudevanallur,13,SENTHILKUMAR,Independent,Laptop
Vasudevanallur,14,SELVARAJ .C,Independent,Air conditioner
Vasudevanallur,15,K. NAGARAJAN,Independent,Battery Torch
Vasudevanallur,16,A. PALANIKUMAR,Independent,Camera
Vasudevanallur,17,PRABAKARAN .R,Independent,Pressure cooker
Vasudevanallur,18,K. RAMACHANDRAN,Independent,Lady finger
Kadayanallur,1,ABUBACKER SIDDHEEQ,Naam Tamilar Katchi,Farmer Carrying Plough
Kadayanallur,2,RAJENDRAN. T. M,Dravida Munnetra Kazhagam,Rising sun
Kadayanallur,3,C. KRISHNAMURALI,All India Anna Dravida Munnetra Kazhagam,Two leaves
Kadayanallur,4,T. MAHESHKUMAR,Bahujan Samaj Party,Elephant
Kadayanallur,5,ABDUL JALEEL. R. K,Tamilaga Vettri Kazhagam,Whistle
Kadayanallur,6,KAVITHA. R,Puthiya Tamilagam,Bucket
Kadayanallur,7,SHAHIN FATHIMA. A,Tamizhaga Vaazhvurimai Katchi,Camera
Kadayanallur,8,SURESHKUMAR. S,Naam Indiar Party,Spanner
Kadayanallur,9,RAJAN. B. S,Aanaithinthiya Jananayaka Pathukappu Kazhagam,Gas cylinder
Kadayanallur,10,LAKSHMI. A,Samata Party,Diamond
Kadayanallur,11,M. ARUMUGASAMY,Independent,Matchbox
Kadayanallur,12,ESAKKI. K,Independent,Ship
Kadayanallur,13,ESAKKI PANDI. K,Independent,Peas
Kadayanallur,14,GANESAN. M,Independent,Electric pole
Kadayanallur,15,SEENIVASAN. S,Independent,Television
Kadayanallur,16,NAGARAJAN. L,Independent,Well
Kadayanallur,17,PARTHIPAN. V,Independent,Telephone
Kadayanallur,18,BARISHA BANU. M,Independent,Coat
Kadayanallur,19,MURUGAN. P,Independent,CCTV Camera
Kadayanallur,20,S. MURUGANANTHAM,Independent,Truck
Kadayanallur,21,RAJAMARAVAN. S,Independent,Gas Stove
Kadayanallur,22,VENKATESH. P,Independent,Binoculars
Tenkasi,1,ISAKI PANDIAN,Bahujan Samaj Party,Elephant
Tenkasi,2,DR.KALAI KATHIRAVAN,Dravida Munnetra Kazhagam,Rising sun
Tenkasi,3,S.SELVA MOHANDAS PANDIAN,All India Anna Dravida Munnetra Kazhagam,Two leaves
Tenkasi,4,P. PUSHPALATHA,Naam Tamilar Katchi,Farmer Carrying Plough
Tenkasi,5,GOMATHI SANKAR,Tamizhaga Vaazhvurimai Katchi,Camera
Tenkasi,6,R. SELVAKUMAR,Naam Indiar Party,Spanner
Tenkasi,7,S.THIRUMALAI KUMAR,Puthiya Tamilagam,Gas cylinder
Tenkasi,8,M.POOSA DURAI,All India Puratchi Thalaivar Makkal Munnettra Kazhagam,Coconut farm
Tenkasi,9,S.MANOGARAN,Kamarajar Deseeya Congress,Matchbox
Tenkasi,10,A. RAJAPRAKASH,Tamilaga Vettri Kazhagam,Whistle
Tenkasi,11,GANESHAN. S,Independent,Bicycle pump
Tenkasi,12,K.M.KALIAPPAN,Independent,Battery Torch
Tenkasi,13,R.KRISHNAN,Independent,Bricks
Tenkasi,14,SHAHUL HAMEED,Independent,Truck
Tenkasi,15,S. THANGAPALAM,Independent,Pressure cooker
Tenkasi,16,DURAIRAJ,Independent,Lady finger
Tenkasi,17,P.NOBLE KRISHNA,Independent,Electric pole
Tenkasi,18,G. POORANA SELVAN,Independent,Helmet
Tenkasi,19,M. PONNUDURAI,Independent,Scissors
Tenkasi,20,A.MARIAPPAN,Independent,Brush
Tenkasi,21,K.MUTHU,Independent,Road roller
Tenkasi,22,R. RAMKUMAR,Independent,Water melon
Alangulam,1,PAUL MANOJ PANDIAN,Dravida Munnetra Kazhagam,Rising sun
Alangulam,2,R PAULRAJ,Naam Tamilar Katchi,Farmer Carrying Plough
Alangulam,3,K R P PRABAKARAN,All India Anna Dravida Munnetra Kazhagam,Two leaves
Alangulam,4,A UDHAYAKUMAR,Puthiya Tamilagam,Gas cylinder
Alangulam,5,A SUBASH  CHANDRA BOSE,Thakkam Katchi,Matchbox
Alangulam,6,MADASAMY,All India Puratchi Thalaivar Makkal Munnettra Kazhagam,Coconut farm
Alangulam,7,VIBIN CHAKKARAVARTHY,Tamilaga Vettri Kazhagam,Whistle
Alangulam,8,U ARAVIND,Independent,Electric pole
Alangulam,9,K ARUNKUMAR,Independent,Robot
Alangulam,10,R KOTHERIMOHIDEEN,Independent,Ship
Alangulam,11,T  MARIKUMAR,Independent,Bench
Alangulam,12,JEYANTHI,Independent,Diamond
Alangulam,13,W JAYSON,Independent,Laptop
Tirunelveli,1,THACHAI GANESARAJA,All India Anna Dravida Munnetra Kazhagam,Two leaves
Tirunelveli,2,SATHYA. B.,Naam Tamilar Katchi,Farmer Carrying Plough
Tirunelveli,3,SUBRAMANIAN.S,Dravida Munnetra Kazhagam,Rising sun
Tirunelveli,4,ARUMUGARAJ. S.,Tamizhaga Vaazhvurimai Katchi,Camera
Tirunelveli,5,ESWARA VADIVU. S.,Naam Indiar Party,Spanner
Tirunelveli,6,KANNAN. G.,Aanaithinthiya Jananayaka Pathukappu Kazhagam,Bat
Tirunelveli,7,SELVAKUMAR SINGH,Bahujan Dravida Party,Black board
Tirunelveli,8,CHENDUR MAHARAJAN,Puthiya Makkal Tamil Desam Katchi,Baby walker
Tirunelveli,9,MURUGHAN.R.S.,Tamilaga Vettri Kazhagam,Whistle
Tirunelveli,10,MURUGAN. P.,Thamizhaka Padaippalar Makkal Katchi,Drill machine
Tirunelveli,11,DR.SHYAM KRISHNASAMY,Puthiya Tamilagam,Gas cylinder
Tirunelveli,12,ATHISAYA PNDIYAN. V.,Independent,Television
Tirunelveli,13,ESAKKIRAJA. V.,Independent,Door bell
Tirunelveli,14,SUBRAMANIAN. E.,Independent,Bread
Tirunelveli,15,THALABATHI MURUGAN. M.,Independent,Pressure cooker
Tirunelveli,16,MUGESH SUBRAMANIAN,Independent,Flute
Tirunelveli,17,MURUGAN.S.,Independent,Coconut farm
Tirunelveli,18,MURUGALAKSHMANAN,Independent,Cube
Tirunelveli,19,VEERABAGHU. M.,Independent,Road roller
Tirunelveli,20,VELAYUTHAM. P.,Independent,Sitar
Ambasamudram,1,DR.ESAKKI SUBAYA,All India Anna Dravida Munnetra Kazhagam,Two leaves
Ambasamudram,2,R.ESAIKANNAN,Bahujan Samaj Party,Elephant
Ambasamudram,3,DR.V.SIVASANKARAN,Naam Tamilar Katchi,Farmer Carrying Plough
Ambasamudram,4,V.P.DURAI,Indian National Congress,Hand
Ambasamudram,5,S.RAJAGOPAL,Tamilaga Vettri Kazhagam,Whistle
Palayamkottai,1,M.ABDUL WAHAB,Dravida Munnetra Kazhagam,Rising sun
Palayamkottai,2,SANKARA NARAYANAN ALIAS SARAN,Naam Tamilar Katchi,Farmer Carrying Plough
Palayamkottai,3,SYED SULTHAN SAMSUDEEN,All India Anna Dravida Munnetra Kazhagam,Two leaves
Palayamkottai,4,ESAKKIMUTHU,Puthiya Makkal Tamil Desam Katchi,Baby walker
Palayamkottai,5,T.A.UMAR,Tamizhaga Vaazhvurimai Katchi,Camera
Palayamkottai,6,S.THANGADURAI,Naam Indiar Party,Spanner
Palayamkottai,7,MARIA JOHN,Tamilaga Vettri Kazhagam,Whistle
Palayamkottai,8,ABDUL KOYA,Independent,Gas cylinder
Palayamkottai,9,KARTHICK NARAYANAN S.,Independent,Hand cart
Palayamkottai,10,D.SANTHIYAGAPPAR ANTONY,Independent,Football player
Palayamkottai,11,A. SUDHAHAR,Independent,Pen drive
Palayamkottai,12,R.SESU,Independent,Bricks
Palayamkottai,13,NALLAKKANNU ALIAS KARTHIC.K,Independent,Diamond
Palayamkottai,14,PAULRAJ.V,Independent,Matchbox
Palayamkottai,15,M.MANIKANDAN,Independent,Television
Palayamkottai,16,V.GEORGE,Independent,Electric pole
Palayamkottai,17,SRINIVASH,Independent,Slate
Nanguneri,1,S. SELVAM,Naam Tamilar Katchi,Farmer Carrying Plough
Nanguneri,2,RUBY.R.MANOHARAN,Indian National Congress,Hand
Nanguneri,3,R. JANARTHANAN,Bahujan Samaj Party,Elephant
Nanguneri,4,R. ESAKKIMUTHU,Amma Makkal Munnettra Kazagam,Pressure cooker
Nanguneri,5,S. SHUNMUGA SUNDARAM,Naam Indiar Party,Spanner
Nanguneri,6,CHITHIRAI SELVAN,Tamizhaga Vaazhvurimai Katchi,Camera
Nanguneri,7,TAMILSELVI,Puthiya Tamilagam,Gas cylinder
Nanguneri,8,THULASI SUDALAI,Puthiya Makkal Tamil Desam Katchi,Baby walker
Nanguneri,9,REDDIARPATTI V. NARAYANAN,Tamilaga Vettri Kazhagam,Whistle
Nanguneri,10,KRISH.MARIAPPAN,Thamizhaka Padaippalar Makkal Katchi,Drill machine
Nanguneri,11,DR.S.VELLAI DURAI,All India Puratchi Thalaivar Makkal Munnettra Kazhagam,Coconut farm
Nanguneri,12,M. ARUNA,Independent,Pen drive
Nanguneri,13,R.ANANTHI,Independent,Flute
Nanguneri,14,N.KALABERUMAL,Independent,Diamond
Nanguneri,15,M. KUMAR,Independent,Mixee
Nanguneri,16,T. SANKAR,Independent,Gas Stove
Nanguneri,17,SHANMUGAM,Independent,Bench
Nanguneri,18,THANITHANGAM,Independent,Matchbox
Nanguneri,19,NALLAKKANNU ALIAS KARTHIC.K,Independent,Bucket
Nanguneri,20,A.RANI NADAR ALIAS PUSHPARANI,Independent,Helmet
Nanguneri,21,S.MARIYAPPAN,Independent,Telephone
Nanguneri,22,SUDAROLI S.MURUGAN YADHAV B.COM,Independent,Ring
Nanguneri,23,T. RAJKUMAR,Independent,Biscuit
Nanguneri,24,T. LINGADURAI,Independent,Chappals
Nanguneri,25,DEV.P.JEGADEESAN,Independent,Lady finger
Radhapuram,1,APPAVU.M,Dravida Munnetra Kazhagam,Rising sun
Radhapuram,2,ESSAKKIAMMAL.E,Bahujan Samaj Party,Elephant
Radhapuram,3,GIRIJA THAMARAIPANDIAN.D,Naam Tamilar Katchi,Farmer Carrying Plough
Radhapuram,4,BALAKRISHNAN.S.P,Bharatiya Janata Party,Lotus
Radhapuram,5,DR.SATHISH CHRISTOPHER,Tamilaga Vettri Kazhagam,Whistle
Radhapuram,6,JESURAJENDRAN.J,Naam Indiar Party,Spanner
Radhapuram,7,MAHALAKSHMI,Puthiya Makkal Tamil Desam Katchi,Baby walker
Radhapuram,8,MURUGAN.P,Thamizhaka Padaippalar Makkal Katchi,Drill machine
Radhapuram,9,ARUNRAJ,Independent,Black board
Radhapuram,10,OLIVER ANTON NAVAMONI. S,Independent,Laptop
Radhapuram,11,ANANTHI.R,Independent,Flute
Radhapuram,12,ANAND PRASAD,Independent,Bricks
Radhapuram,13,KARTHICK.V,Independent,Clip
Radhapuram,14,KINGSLY ISACC JEBARAJ.S,Independent,Ring
Radhapuram,15,SUNDARAJAN.S,Independent,Tennis racket & ball
Radhapuram,16,SELVAN.T,Independent,Bat
Radhapuram,17,DANIEL.A,Independent,Bicycle pump
Radhapuram,18,PON SANTHANA KUMARAN.R,Independent,Pen nib with seven rays
Radhapuram,19,MANIKANDAN.A.I,Independent,Batsman
Radhapuram,20,MANIKANDAN.S,Independent,Brief case
Radhapuram,21,MANIKANDAN.L,Independent,Cutting pliers
Radhapuram,22,RAJAN.P,Independent,T.V. Remote
Radhapuram,23,JEYARAJ.P V S,Independent,Coconut farm
Kanniyakumari,1,THALAVAI SUNDARAM. N,All India Anna Dravida Munnetra Kazhagam,Two leaves
Kanniyakumari,2,MAHESH.R,Dravida Munnetra Kazhagam,Rising sun
Kanniyakumari,3,MARIA JENNIFER,Naam Tamilar Katchi,Farmer Carrying Plough
Kanniyakumari,4,MANAVAI KANNAN. M,Communist Party of India (Marxist-Leninist) Red Star,Gas cylinder
Kanniyakumari,5,SIVALINGAM.C,Naam Indiar Party,Spanner
Kanniyakumari,6,MADHAVAN.S.R,Tamilaga Vettri Kazhagam,Whistle
Kanniyakumari,7,REAGON ANTO.J,Tamizhaga Vaazhvurimai Katchi,Camera
Kanniyakumari,8,SRIKRISHNAKUMAR.K,Thamizhaka Padaippalar Makkal Katchi,Drill machine
Kanniyakumari,9,KANAGARAJ.T,Independent,Air conditioner
Kanniyakumari,10,SUDHAGAR.R,Independent,Almirah
Kanniyakumari,11,DAVID SAHAYA BASCAR,Independent,Grapes
Kanniyakumari,12,THANUNEELAN . S,Independent,Bat
Kanniyakumari,13,RAMAKRISHNAN.C,Independent,Balloon
Kanniyakumari,14,RAJAN. S,Independent,Baby walker
Nagercoil,1,AUSTIN,Dravida Munnetra Kazhagam,Rising sun
Nagercoil,2,GANDHI M R,Bharatiya Janata Party,Lotus
Nagercoil,3,MUTHUKUMAR M,Naam Tamilar Katchi,Farmer Carrying Plough
Nagercoil,4,ANTONY MICHAEL J,Viro Ke Vir Indian Party,Cake
Nagercoil,5,SALATE KANAGARAJ A,Naam Indiar Party,Spanner
Nagercoil,6,DINO T,Naadaalum Makkal Katchi,Pen nib with seven rays
Nagercoil,7,NAGARAJAN L,Thamizhaka Padaippalar Makkal Katchi,Drill machine
Nagercoil,8,BERVIN KINGS G,Tamilaga Vettri Kazhagam,Whistle
Nagercoil,9,VALLIMAYIL P,Communist Party of India (Marxist-Leninist) Red Star,Gas cylinder
Nagercoil,10,AJITH KUMAR A,Independent,Ship
Nagercoil,11,GUNASEKARAN S,Independent,Television
Nagercoil,12,SIVAKUMAR A,Independent,Ring
Nagercoil,13,SUYAMBULINGAM A,Independent,CCTV Camera
Nagercoil,14,SUYAMBULINGAM P,Independent,Cot
Nagercoil,15,DINESH,Independent,Computer
Nagercoil,16,NAGOOR MEERAN PEER MOHAMED U,Independent,Camera
Nagercoil,17,MOHIDEEN FAIGEE ALIAS SOORANKUDY FAIGEE,Independent,Diamond
Nagercoil,18,RETNA MONY S,Independent,Scissors
Nagercoil,19,VAIRAM PILLAI S,Independent,Bat
Nagercoil,20,JEBARSON S,Tamizhaga Vaazhvurimai Katchi,Helmet
Colachal,1,ANCY SHOBA RANI. L,Naam Tamilar Katchi,Farmer Carrying Plough
Colachal,2,SIVAKUMAR. T,Bharatiya Janata Party,Lotus
Colachal,3,THARAHAI CUTHBERT,Indian National Congress,Hand
Colachal,4,RAJASINGH. C,Bahujan Samaj Party,Elephant
Colachal,5,ANTHONY MUTHU. S.M,Communist Party of India (Marxist-Leninist) (Liberation),Flag with three stars
Colachal,6,GANESH. N,Thamizhaka Padaippalar Makkal Katchi,Drill machine
Colachal,7,CHRIST MILLER. S,All India Puratchi Thalaivar Makkal Munnettra Kazhagam,Coconut farm
Colachal,8,KOIL RAJ. R,Naam Indiar Party,Spanner
Colachal,9,PREM ALEX LAWRENCE,Tamilaga Vettri Kazhagam,Whistle
Colachal,10,MURALI. M,Tamizhaga Vaazhvurimai Katchi,Camera
Colachal,11,ANTONY ALANKARAM. K,Independent,Boat with man and sail
Colachal,12,SARAVANAN. M,Independent,Flute
Colachal,13,SELVARAJ. M,Independent,Diamond
Padmanabhapuram,1,SEELAN,Naam Tamilar Katchi,Farmer Carrying Plough
Padmanabhapuram,2,CHELLASWAMY. R,Communist Party of India (Marxist),Hammer Sickle and Star
Padmanabhapuram,3,RAMESH. P,Bharatiya Janata Party,Lotus
Padmanabhapuram,4,KRISHNA KUMAR. S,Tamilaga Vettri Kazhagam,Whistle
Padmanabhapuram,5,SYEDALI. A,Our Mahathma National Party,Gas Stove
Padmanabhapuram,6,RAKESH KUMAR. M,Thamizhaka Padaippalar Makkal Katchi,Drill machine
Padmanabhapuram,7,VAIKUNDAMANI. N,Tamizhaga Vaazhvurimai Katchi,Camera
Padmanabhapuram,8,ARUL MANI. H,Independent,Ship
Padmanabhapuram,9,DR. KRISHNA PRASAD. B,Independent,Biscuit
Padmanabhapuram,10,DURAI RAJ. S,Independent,Ring
Padmanabhapuram,11,VASANTHI. R,Independent,Diamond
Vilavancode,1,PRAVEEN T.T,Indian National Congress,Hand
Vilavancode,2,MARIA STELLA,Naam Tamilar Katchi,Farmer Carrying Plough
Vilavancode,3,VIJAYADHARANI S,Bharatiya Janata Party,Lotus
Vilavancode,4,BAIJU T,Viro Ke Vir Indian Party,Cake
Vilavancode,5,MICHAEL KUMAR K,Tamilaga Vettri Kazhagam,Whistle
Vilavancode,6,MOHAN KUMAR M,All India Jananayaka Makkal Kazhagam,Mixee
Vilavancode,7,VENKADEASAN. K,Thamizhaka Padaippalar Makkal Katchi,Drill machine
Vilavancode,8,JOHN CHRISTOPHER T,Rashtriya Janata Dal,Hurricane lamp
Vilavancode,9,KRISHNAN M,Independent,Bucket
Vilavancode,10,DAVID T,Independent,Boat with man and sail
Vilavancode,11,PRAVEEN KUMAR,Independent,Cauliflower
Vilavancode,12,MURUGANANDHA PRASAD T,Independent,Ring
Vilavancode,13,JOSELAL L.V,Independent,Biscuit
Vilavancode,14,SHIBU AMOSE,Independent,Flute
Killiyoor,1,NIVIN SIMON. J,Bharatiya Janata Party,Lotus
Killiyoor,2,RAJESH KUMAR. S,Indian National Congress,Hand
Killiyoor,3,HIMLAR,Naam Tamilar Katchi,Farmer Carrying Plough
Killiyoor,4,SABIN. S,Tamilaga Vettri Kazhagam,Whistle
Killiyoor,5,PRABHU. S,Thamizhaka Padaippalar Makkal Katchi,Drill machine
Killiyoor,6,RUBIN ANTONY,Tamizhaga Vaazhvurimai Katchi,Camera
Killiyoor,7,JUSTIN. T,Indian Christian Front,Ship
Killiyoor,8,DR. RAMACHANDRAN. M,Independent,Stethoscope
Killiyoor,9,SATHEESH. S,Independent,T.V. Remote
Killiyoor,10,AJAI (ALIAS) NAGARAJAN,Independent,Diamond
Killiyoor,11,BERRILA. L,Independent,Chappals
Killiyoor,12,BABY RAJ. P,Independent,Truck
Killiyoor,13,JUSTIN. M,Independent,Bench
